file	symbol	kind	signature
src/adapters/AgentDeliverer.ts	AgentDeliverer	class	export class AgentDeliverer implements AgentDeliveryPort, DiveRoundDeliveryPort, CrossWindowDeliveryPort
src/adapters/AgentTeamsAdapter.ts	TeamServiceLike	interface	export interface TeamServiceLike
src/adapters/AgentTeamsAdapter.ts	AgentTeamsAdapter	class	export class AgentTeamsAdapter implements AgentTeamsPort
src/adapters/ArtifactSync.ts	discoverArtifacts	function	export function discoverArtifacts(
src/adapters/ArtifactSync.ts	ArtifactSyncSeams	interface	export interface ArtifactSyncSeams
src/adapters/ArtifactSync.ts	syncReqArtifacts	function	export async function syncReqArtifacts(
src/adapters/ArtifactSync.ts	SyncAllArtifactsResult	interface	export interface SyncAllArtifactsResult
src/adapters/ArtifactSync.ts	syncAllReqArtifacts	function	export async function syncAllReqArtifacts(
src/adapters/CaptureRejectionFile.ts	CaptureRejectionFile	class	export class CaptureRejectionFile implements CaptureRejectionPort
src/adapters/dialog-inflight-expiry.ts	InFlightTtl	interface	export interface InFlightTtl
src/adapters/dialog-inflight-expiry.ts	inFlightExpired	function	export function inFlightExpired(record: DialogInFlightRecord, now: number, ttl: InFlightTtl): boolean
src/adapters/dialog-inflight-expiry.ts	sweepInFlightTtl	function	export function sweepInFlightTtl(map: Map<string, DialogInFlightRecord>, now: number, ttl: InFlightTtl): void
src/adapters/DshJobsAdapter.ts	DshJobsUnavailable	class	export class DshJobsUnavailable extends Error
src/adapters/DshJobsAdapter.ts	JobStartParams	interface	export interface JobStartParams
src/adapters/DshJobsAdapter.ts	JobSnapshot	interface	export interface JobSnapshot
src/adapters/DshJobsAdapter.ts	DshJobsAdapter	class	export class DshJobsAdapter implements JobsPort
src/adapters/FailureAlert.ts	FailureAlertWiring	interface	export interface FailureAlertWiring
src/adapters/FailureAlert.ts	createFailureAlert	function	export function createFailureAlert(wire: FailureAlertWiring): FailureAlertPort
src/adapters/FileDocRepository.ts	FileDocRepositoryOptions	interface	export interface FileDocRepositoryOptions
src/adapters/FileDocRepository.ts	FileDocRepository	class	export class FileDocRepository implements DocRepository
src/adapters/FileSettingsStore.ts	FileSettingsStoreOptions	interface	export interface FileSettingsStoreOptions
src/adapters/FileSettingsStore.ts	problemsText	function	export function problemsText(problems: readonly SettingsProblem[]): string
src/adapters/FileSettingsStore.ts	FileSettingsStore	class	export class FileSettingsStore implements SettingsStore
src/adapters/GateAwareQuestions.ts	GateAwareQuestionsOptions	interface	export interface GateAwareQuestionsOptions
src/adapters/GateAwareQuestions.ts	GateAwareQuestions	class	export class GateAwareQuestions implements UserQuestionPort
src/adapters/InjectionLogFile.ts	InjectionLogFile	class	export class InjectionLogFile implements InjectionLogPort
src/adapters/IsolationTraceFile.ts	IsolationTraceFile	class	export class IsolationTraceFile implements IsolationTracePort
src/adapters/KnowledgeRepository.ts	KnowledgeRepository	class	export class KnowledgeRepository implements KnowledgePort
src/adapters/KnowledgeRepository.ts	upsertIndexRow	function	export function upsertIndexRow(text: string, row: KbIndexRow): string
src/adapters/KnowledgeRepository.ts	removeIndexRow	function	export function removeIndexRow(text: string, id: string): string
src/adapters/NodeIsolationAdapter.ts	NodeIsolationAdapterOptions	interface	export interface NodeIsolationAdapterOptions
src/adapters/NodeIsolationAdapter.ts	NodeIsolationAdapter	class	export class NodeIsolationAdapter implements NodeIsolationPort
src/adapters/PendingConfirmRegistry.ts	(anonymous)	other	export type
src/adapters/PendingConfirmRegistry.ts	PendingConfirmRegistryOptions	interface	export interface PendingConfirmRegistryOptions
src/adapters/PendingConfirmRegistry.ts	PendingConfirmRegistry	class	export class PendingConfirmRegistry implements PendingConfirmPort, DialogInFlightPort
src/adapters/PythonProbe.ts	PythonProbeOptions	interface	export interface PythonProbeOptions
src/adapters/PythonProbe.ts	PythonProbe	class	export class PythonProbe implements Pick<SkillInstallPort, 'probePython'>
src/adapters/PythonProbe.ts	parseVersion	function	export function parseVersion(text: string): string | undefined
src/adapters/RandomIdFactory.ts	RandomIdFactory	class	export class RandomIdFactory implements IdFactory
src/adapters/SessionProbeAdapter.ts	(anonymous)	other	export type
src/adapters/SessionProbeAdapter.ts	SessionProbeAdapterOptions	interface	export interface SessionProbeAdapterOptions
src/adapters/SessionProbeAdapter.ts	SessionProbeAdapter	class	export class SessionProbeAdapter implements SessionProbe
src/adapters/SessionProbeAdapter.ts	readTokenTotals	function	export function readTokenTotals(state: unknown): TokenBuckets | undefined
src/adapters/SessionProbeAdapter.ts	readContextPressure	function	export function readContextPressure(state: unknown):
src/adapters/SessionWindowOpener.ts	SessionWindowOpener	class	export class SessionWindowOpener implements WindowOpenerPort
src/adapters/SkillAssets.ts	SkillAssetsOptions	interface	export interface SkillAssetsOptions
src/adapters/SkillAssets.ts	SkillAssets	class	export class SkillAssets implements SkillAssetPort
src/adapters/SkillAssets.ts	sha256Hex	function	export function sha256Hex(buf: Uint8Array): string
src/adapters/SkillWriter.ts	SkillWriterOptions	interface	export interface SkillWriterOptions
src/adapters/SkillWriter.ts	SkillWriter	class	export class SkillWriter implements Pick<SkillInstallPort, 'writeTree' | 'readTree' | 'readManifest'>
src/adapters/storage-action-types.ts	StorageAction	type	export type StorageAction
src/adapters/storage-action-types.ts	StorageActionStamp	interface	export interface StorageActionStamp
src/adapters/storage-action-types.ts	StorageActionConfirmation	interface	export interface StorageActionConfirmation
src/adapters/storage-action-types.ts	ConsumeFailureReason	type	export type ConsumeFailureReason
src/adapters/storage-action-types.ts	ConsumeResult	type	export type ConsumeResult
src/adapters/storage-action-types.ts	PendingRegisterInput	interface	export interface PendingRegisterInput
src/adapters/StoragePathPicker.ts	PICK_PATH_SCRIPT	const	export const PICK_PATH_SCRIPT
src/adapters/StoragePathPicker.ts	RunResult	interface	export interface RunResult
src/adapters/StoragePathPicker.ts	RunOsascript	type	export type RunOsascript
src/adapters/StoragePathPicker.ts	StoragePathPickerOptions	interface	export interface StoragePathPickerOptions
src/adapters/StoragePathPicker.ts	OsascriptStoragePathPicker	class	export class OsascriptStoragePathPicker implements StoragePathPickerPort
src/adapters/SystemClock.ts	SystemClock	class	export class SystemClock implements Clock
src/adapters/SystemFileOpener.ts	OpenFileOutcome	type	export type OpenFileOutcome
src/adapters/SystemFileOpener.ts	SystemFileOpenerPort	interface	export interface SystemFileOpenerPort
src/adapters/SystemFileOpener.ts	SystemFileOpenerOptions	interface	export interface SystemFileOpenerOptions
src/adapters/SystemFileOpener.ts	createSystemFileOpener	function	export function createSystemFileOpener(opts: SystemFileOpenerOptions
src/adapters/SystemRecordFile.ts	SYSTEM_RECORD_INVALID	const	export const SYSTEM_RECORD_INVALID
src/adapters/SystemRecordFile.ts	SystemRecordFileOptions	interface	export interface SystemRecordFileOptions
src/adapters/SystemRecordFile.ts	SystemRecordFile	class	export class SystemRecordFile implements SystemRecordStore
src/adapters/TemplateRoot.ts	TemplateAddressConfig	interface	export interface TemplateAddressConfig
src/adapters/TemplateRoot.ts	resolveTemplateRoot	function	export function resolveTemplateRoot(config: TemplateAddressConfig | undefined, moduleDir: string): string | undefined
src/adapters/TemplateRoot.ts	addressSectionEnabled	function	export function addressSectionEnabled(config: TemplateAddressConfig | undefined): boolean
src/adapters/TemplateRoot.ts	AddressInjection	interface	export interface AddressInjection
src/adapters/TemplateRoot.ts	resolveAddressInjection	function	export function resolveAddressInjection(
src/adapters/UserQuestionsAdapter.ts	UserQuestionsAdapter	class	export class UserQuestionsAdapter implements UserQuestionPort
src/adapters/WorkflowEngineRunner.ts	WorkflowRunLike	interface	export interface WorkflowRunLike
src/adapters/WorkflowEngineRunner.ts	WorkflowEngineLike	interface	export interface WorkflowEngineLike
src/adapters/WorkflowEngineRunner.ts	ENGINE_UNREACHABLE_CODE	const	export const ENGINE_UNREACHABLE_CODE
src/adapters/WorkflowEngineRunner.ts	EngineUnavailableHooks	interface	export interface EngineUnavailableHooks
src/adapters/WorkflowEngineRunner.ts	WorkflowEngineRunner	class	export class WorkflowEngineRunner implements WorkflowRunner
src/adapters/WorkflowSchemaAdapter.ts	SubtaskOutputSchema	interface	export interface SubtaskOutputSchema
src/adapters/WorkflowSchemaAdapter.ts	Workflow	interface	export interface Workflow
src/adapters/WorkflowSchemaAdapter.ts	executeWithSchema	function	export async function executeWithSchema<T
src/adapters/WorkflowSchemaAdapter.ts	isValidSubtaskOutput	function	export function isValidSubtaskOutput(output: unknown): output is SubtaskOutputSchema
src/adapters/WorkflowSchemaAdapter.ts	createEmptySubtaskOutput	function	export function createEmptySubtaskOutput(reason
src/adapters/WorkspaceRegistryProjectPort.ts	WorkspaceRegistryProjectPort	class	export class WorkspaceRegistryProjectPort implements ProjectRegistryPort
src/adapters/workspaceRegistryRows.ts	toProjectEntries	function	export function toProjectEntries(rows: readonly unknown[]): ProjectEntry[]
src/application/dive/applyDiveTransition.ts	DiveTransitionDeps	interface	export interface DiveTransitionDeps
src/application/dive/applyDiveTransition.ts	DiveTransitionOptions	interface	export interface DiveTransitionOptions
src/application/dive/applyDiveTransition.ts	DiveTransitionOutcome	interface	export interface DiveTransitionOutcome
src/application/dive/applyDiveTransition.ts	applyDiveTransition	function	export async function applyDiveTransition(
src/application/dive/boundary-guard.ts	BoundaryGuardDeps	interface	export interface BoundaryGuardDeps
src/application/dive/boundary-guard.ts	guardToolCall	function	export function guardToolCall(
src/application/dive/gate-prompt.ts	GATE_PROMPT_COOLDOWN_MS	const	export const GATE_PROMPT_COOLDOWN_MS
src/application/dive/gate-prompt.ts	GATE_PROMPT_MAX_POPS	const	export const GATE_PROMPT_MAX_POPS
src/application/dive/gate-prompt.ts	GatePromptDecision	interface	export interface GatePromptDecision
src/application/dive/gate-prompt.ts	GatePromptSource	interface	export interface GatePromptSource
src/application/dive/gate-prompt.ts	gatePromptFor	function	export function gatePromptFor(req: GatePromptSource): GatePromptDecision | undefined
src/application/dive/gate-prompt.ts	GatePromptExhausted	interface	export interface GatePromptExhausted
src/application/dive/gate-prompt.ts	gatePromptExhaustedComment	function	export function gatePromptExhaustedComment(info: GatePromptExhausted): string
src/application/dive/gate-prompt.ts	GatePromptLoopDeps	interface	export interface GatePromptLoopDeps
src/application/dive/gate-prompt.ts	GatePromptLoop	interface	export interface GatePromptLoop
src/application/dive/gate-prompt.ts	createGatePromptLoop	function	export function createGatePromptLoop(deps: GatePromptLoopDeps): GatePromptLoop
src/application/dive/gate-prompt.ts	GatePromptPortDeps	interface	export interface GatePromptPortDeps
src/application/dive/gate-prompt.ts	createGatePromptPort	function	export function createGatePromptPort(deps: GatePromptPortDeps): GatePromptPort
src/application/dive/idle-capture-actions.ts	MILESTONE_REMINDER_MS	const	export const MILESTONE_REMINDER_MS
src/application/dive/idle-capture-actions.ts	addressSectionFor	function	export function addressSectionFor(
src/application/dive/idle-capture-actions.ts	milestoneReminderFor	function	export function milestoneReminderFor(
src/application/dive/ReqboardDiveManager.ts	ReqboardDiveManager	class	export default class ReqboardDiveManager extends Service
src/application/dive/round-driver.ts	DiveRoundLogger	interface	export interface DiveRoundLogger
src/application/dive/round-driver.ts	DiveRoundPorts	interface	export interface DiveRoundPorts
src/application/dive/round-driver.ts	PreStepDecision	type	export type PreStepDecision
src/application/dive/round-driver.ts	DiveRoundDriver	interface	export interface DiveRoundDriver
src/application/dive/round-driver.ts	createDiveRoundDriver	function	export function createDiveRoundDriver(ports: DiveRoundPorts): DiveRoundDriver
src/application/dive/round-state.ts	RoundPhase	type	export type RoundPhase
src/application/dive/round-state.ts	FAILURE_BREAKER_THRESHOLD	const	export const FAILURE_BREAKER_THRESHOLD
src/application/dive/round-state.ts	FAILURE_BACKOFF_BASE_MS	const	export const FAILURE_BACKOFF_BASE_MS
src/application/dive/round-state.ts	FAILURE_BACKOFF_MAX_MS	const	export const FAILURE_BACKOFF_MAX_MS
src/application/dive/round-state.ts	DriverFailure	interface	export interface DriverFailure
src/application/dive/round-state.ts	DriverLatch	interface	export interface DriverLatch
src/application/dive/round-state.ts	backoffFor	function	export function backoffFor(count: number): number
src/application/dive/round-state.ts	recordFailure	function	export function recordFailure(prev: DriverFailure | undefined, reasonClass: string, now: number): DriverFailure
src/application/dive/round-state.ts	breakerTripped	function	export function breakerTripped(failure: DriverFailure | undefined): boolean
src/application/dive/round-state.ts	RoundAttempt	interface	export interface RoundAttempt
src/application/dive/round-state.ts	DriverState	interface	export interface DriverState
src/application/dive/round-state.ts	deepEqualJson	function	export function deepEqualJson(a: unknown, b: unknown): boolean
src/application/dive/round-state.ts	sameRound	function	export function sameRound(source: DiveRoundSource, attempt: RoundAttempt): boolean
src/application/dive/round-state.ts	sameQueued	function	export function sameQueued(content: unknown, source: unknown, attempt: RoundAttempt): boolean
src/application/dive/round-state.ts	DrivableShape	interface	export interface DrivableShape
src/application/dive/round-state.ts	ReservationShape	interface	export interface ReservationShape extends DrivableShape
src/application/dive/round-state.ts	ReservationCheck	interface	export interface ReservationCheck
src/application/dive/round-state.ts	roundReservationValid	function	export function roundReservationValid(c: ReservationCheck): boolean
src/application/dive/round-state.ts	StageLimitSource	interface	export interface StageLimitSource
src/application/dive/round-state.ts	installStageLimitSnapshot	function	export function installStageLimitSnapshot(source: StageLimitSource | undefined): void
src/application/dive/round-state.ts	roundLimitFor	function	export function roundLimitFor(status: RequirementStatus | string): number
src/application/dive/round-state.ts	renderDiveRoundText	function	export function renderDiveRoundText(input:
src/application/dive/round-state.ts	isDrivableRequirement	function	export function isDrivableRequirement(req: DrivableShape | undefined): boolean
src/application/dive/round-state.ts	isRecoverableDisarm	function	export function isRecoverableDisarm(req: DrivableShape | undefined): boolean
src/application/dive/round-state.ts	InboxLike	interface	export interface InboxLike
src/application/dive/round-state.ts	agentIdOf	function	export function agentIdOf(agent: unknown): string | undefined
src/application/dive/round-state.ts	agentStatusOf	function	export function agentStatusOf(agent: unknown): string | undefined
src/application/dive/round-state.ts	inboxOf	function	export function inboxOf(agent: unknown): InboxLike | undefined
src/application/dive/round-state.ts	messageIdOf	function	export function messageIdOf(m: unknown): string | undefined
src/application/dive/round-state.ts	sourceOf	function	export function sourceOf(m: unknown): unknown
src/application/dive/round-state.ts	contentOf	function	export function contentOf(m: unknown): unknown
src/application/dive/round-subscriptions.ts	EventBusLike	interface	export interface EventBusLike
src/application/dive/round-subscriptions.ts	WireLogger	interface	export interface WireLogger
src/application/dive/round-subscriptions.ts	DIVE_ROOT_EVENTS	const	export const DIVE_ROOT_EVENTS: readonly string[]
src/application/dive/round-subscriptions.ts	DIVE_AGENT_EVENTS	const	export const DIVE_AGENT_EVENTS: readonly string[]
src/application/dive/round-subscriptions.ts	DIVE_ROUND_EVENTS	const	export const DIVE_ROUND_EVENTS: readonly string[]
src/application/dive/round-subscriptions.ts	wireDiveRoundSubscriptions	function	export function wireDiveRoundSubscriptions(
src/application/dive/round-subscriptions.ts	AgentEventHandlers	interface	export interface AgentEventHandlers
src/application/dive/round-subscriptions.ts	wireAgentSubscriptions	function	export function wireAgentSubscriptions(
src/application/dive/session-driver.ts	DiveSessionDriverLogger	interface	export interface DiveSessionDriverLogger
src/application/dive/session-driver.ts	DiveSessionDriverDeps	interface	export interface DiveSessionDriverDeps
src/application/dive/session-driver.ts	DiveSessionDriver	interface	export interface DiveSessionDriver
src/application/dive/session-driver.ts	createDiveSessionDriver	function	export function createDiveSessionDriver(deps: DiveSessionDriverDeps): DiveSessionDriver
src/application/dive/stage-configs.ts	StageConfig	interface	export interface StageConfig
src/application/dive/stage-configs.ts	STAGE_CONFIGS	const	export const STAGE_CONFIGS: Readonly<Record<RequirementStatus, StageConfig>>
src/application/dive/stage-configs.ts	getStageConfig	function	export function getStageConfig(stage: RequirementStatus): StageConfig
src/application/dive/stage-configs.ts	requiresConfirmation	function	export function requiresConfirmation(stage: RequirementStatus): boolean
src/application/dive/stage-configs.ts	isAutoExecute	function	export function isAutoExecute(stage: RequirementStatus): boolean
src/application/dive/stage-configs.ts	getMaxRounds	function	export function getMaxRounds(stage: RequirementStatus): number
src/application/dive/wake-heartbeat.ts	DEFAULT_STALE_MS	const	export const DEFAULT_STALE_MS
src/application/dive/wake-heartbeat.ts	DEFAULT_MAX_FAILURES	const	export const DEFAULT_MAX_FAILURES
src/application/dive/wake-heartbeat.ts	WakeHeartbeatDeps	interface	export interface WakeHeartbeatDeps
src/application/dive/wake-heartbeat.ts	WakeTickResult	interface	export interface WakeTickResult
src/application/dive/wake-heartbeat.ts	isStalledWake	function	export function isStalledWake(req: RequirementRecord, now: number, staleMs: number): boolean
src/application/dive/wake-heartbeat.ts	createWakeHeartbeat	function	export function createWakeHeartbeat(deps: WakeHeartbeatDeps):
src/application/dive/wake-liveness.ts	WakeLivenessDeps	interface	export interface WakeLivenessDeps
src/application/dive/wake-liveness.ts	WakeVerdict	interface	export interface WakeVerdict
src/application/dive/wake-liveness.ts	wakeAcceptance	function	export async function wakeAcceptance(deps: WakeLivenessDeps, requirementId: string): Promise<WakeVerdict>
src/application/dive/wake-skip-trace.ts	WakeGiveUpReason	type	export type WakeGiveUpReason
src/application/dive/wake-skip-trace.ts	WAKE_SKIP_COOLDOWN_MS	const	export const WAKE_SKIP_COOLDOWN_MS
src/application/dive/wake-skip-trace.ts	WakeSkipTracerDeps	interface	export interface WakeSkipTracerDeps
src/application/dive/wake-skip-trace.ts	WakeSkipTracer	interface	export interface WakeSkipTracer
src/application/dive/wake-skip-trace.ts	createWakeSkipTracer	function	export function createWakeSkipTracer(deps: WakeSkipTracerDeps): WakeSkipTracer
src/application/gate/acceptance-gate.ts	GateResult	interface	export interface GateResult
src/application/gate/acceptance-gate.ts	acceptanceGateCheck	function	export async function acceptanceGateCheck(
src/application/gate/design-gate.ts	GateResult	interface	export interface GateResult
src/application/gate/design-gate.ts	designGateCheck	function	export async function designGateCheck(
src/application/gate/GatePostChain.ts	HandlerName	type	export type HandlerName
src/application/gate/GatePostChain.ts	HANDLER_ORDER	const	export const HANDLER_ORDER: readonly HandlerName[]
src/application/gate/GatePostChain.ts	HandlerOutcome	type	export type HandlerOutcome
src/application/gate/GatePostChain.ts	ChainScratch	interface	export interface ChainScratch
src/application/gate/GatePostChain.ts	ChainInput	interface	export interface ChainInput
src/application/gate/GatePostChain.ts	GateHandler	interface	export interface GateHandler
src/application/gate/GatePostChain.ts	ChainStepResult	interface	export interface ChainStepResult
src/application/gate/GatePostChain.ts	ChainRunSummary	interface	export interface ChainRunSummary
src/application/gate/GatePostChain.ts	GateChainStats	interface	export interface GateChainStats
src/application/gate/GatePostChain.ts	GateChainPort	interface	export interface GateChainPort
src/application/gate/GatePostChain.ts	GatePostChainDeps	interface	export interface GatePostChainDeps
src/application/gate/GatePostChain.ts	createGatePostChain	function	export function createGatePostChain(deps: GatePostChainDeps): GateChainPort &
src/application/gate/handlers/h1-advance.ts	H1AdvanceDeps	interface	export interface H1AdvanceDeps
src/application/gate/handlers/h1-advance.ts	createH1AdvanceHandler	function	export function createH1AdvanceHandler(deps: H1AdvanceDeps): GateHandler
src/application/gate/handlers/h2-compact.ts	H2CompactDeps	interface	export interface H2CompactDeps
src/application/gate/handlers/h2-compact.ts	createH2CompactHandler	function	export function createH2CompactHandler(deps: H2CompactDeps): GateHandler
src/application/gate/handlers/h3-inject.ts	H3InjectDeps	interface	export interface H3InjectDeps
src/application/gate/handlers/h3-inject.ts	createH3InjectHandler	function	export function createH3InjectHandler(deps: H3InjectDeps): GateHandler
src/application/gate/handlers/h4-resume.ts	H4ResumeDeps	interface	export interface H4ResumeDeps
src/application/gate/handlers/h4-resume.ts	createH4ResumeHandler	function	export function createH4ResumeHandler(_deps: H4ResumeDeps): GateHandler
src/application/gate/handlers/h5-audit.ts	H5AuditDeps	interface	export interface H5AuditDeps
src/application/gate/handlers/h5-audit.ts	createH5AuditHandler	function	export function createH5AuditHandler(deps: H5AuditDeps): GateHandler
src/application/gate/handlers/shared.ts	pickGateRequirement	function	export async function pickGateRequirement(store: RequirementStore, ctx: ConfirmContext): Promise<RequirementRecord | un…
src/application/gate/handlers/shared.ts	safeReadDoc	function	export async function safeReadDoc(docs: DocRepository, relPath: string): Promise<string>
src/application/gate/handlers/shared.ts	reasonOf	function	export function reasonOf(error: unknown): string
src/application/gate/index.ts	(anonymous)	other	export type
src/application/gate/PendingGate.ts	PendingGateStore	interface	export interface PendingGateStore
src/application/gate/PendingGate.ts	createPendingGateStore	function	export function createPendingGateStore(): PendingGateStore
src/application/gate/task-coverage-gate.ts	GateResult	interface	export interface GateResult
src/application/gate/task-coverage-gate.ts	taskCoverageGateCheck	function	export async function taskCoverageGateCheck(
src/application/internal/accept-sheet-rtm-integration.ts	AcceptSheetRTMResult	interface	export interface AcceptSheetRTMResult
src/application/internal/accept-sheet-rtm-integration.ts	checkAcceptanceGate	function	export function checkAcceptanceGate(
src/application/internal/advance-parallel.ts	effectiveWriteSet	function	export function effectiveWriteSet(task: TaskRecord | undefined): WriteSet | undefined
src/application/internal/advance-parallel.ts	groupSubtaskEvents	function	export function groupSubtaskEvents(
src/application/internal/advance-select.ts	AdvanceView	interface	export interface AdvanceView
src/application/internal/advance-select.ts	AdvanceSelection	interface	export interface AdvanceSelection
src/application/internal/advance-select.ts	topLevelTasks	function	export function topLevelTasks(view: AdvanceView, requirementId: string): TaskRecord[]
src/application/internal/advance-select.ts	openSubtasks	function	export function openSubtasks(view: AdvanceView, requirementId: string): TaskRecord[]
src/application/internal/advance-select.ts	runningSubtaskIds	function	export function runningSubtaskIds(view: AdvanceView, requirementId: string): string[]
src/application/internal/advance-select.ts	subtasksOf	function	export function subtasksOf(view: AdvanceView, parentId: string): TaskRecord[]
src/application/internal/advance-select.ts	selectAdvanceEvent	function	export function selectAdvanceEvent(view: AdvanceView, requirementId: string, maxParallelParents: number): AdvanceSelect…
src/application/internal/advance-select.ts	selectAdvanceBatch	function	export function selectAdvanceBatch(view: AdvanceView, requirementId: string, maxParallelParents: number): AdvanceSelect…
src/application/internal/advance-select.ts	hasOpenWork	function	export function hasOpenWork(view: AdvanceView, requirementId: string): boolean
src/application/internal/agent-handle.ts	AgentHandleResult	type	export type AgentHandleResult
src/application/internal/agent-handle.ts	ensureAgentHandle	function	export async function ensureAgentHandle(
src/application/internal/approved-plan-landing.ts	LandingSource	type	export type LandingSource
src/application/internal/approved-plan-landing.ts	LandApprovedPlanInput	interface	export interface LandApprovedPlanInput
src/application/internal/approved-plan-landing.ts	LandApprovedPlanResult	interface	export interface LandApprovedPlanResult
src/application/internal/approved-plan-landing.ts	landApprovedPlan	function	export async function landApprovedPlan(deps: UseCaseDeps, input: LandApprovedPlanInput): Promise<LandApprovedPlanResult>
src/application/internal/artifact-discovery.ts	reqDirRel	function	export function reqDirRel(reqId: string): string
src/application/internal/artifact-discovery.ts	stageForKind	function	export function stageForKind(kind: ArtifactKind, currentStage: StageKeyLike): StageKeyLike
src/application/internal/artifact-discovery.ts	staleAutoKind	function	export function staleAutoKind(a: StageArtifact, reqRelPrefix: string): ArtifactKind | undefined
src/application/internal/artifact-discovery.ts	discoverArtifactsFrom	function	export function discoverArtifactsFrom(
src/application/internal/artifact-gates.ts	registerArtifact	function	export function registerArtifact(
src/application/internal/artifact-gates.ts	GROUP_CONFIRM_KINDS	const	export const GROUP_CONFIRM_KINDS: ReadonlySet<string>
src/application/internal/artifact-gates.ts	artifactsToConfirm	function	export function artifactsToConfirm(req: RequirementRecord, kind: ArtifactKind): StageArtifact[]
src/application/internal/artifact-gates.ts	aggregateUnconfirmedLabels	function	export function aggregateUnconfirmedLabels(
src/application/internal/artifact-gates.ts	GateFailure	interface	export interface GateFailure
src/application/internal/artifact-gates.ts	assertArtifactGates	function	export function assertArtifactGates(
src/application/internal/artifact-gates.ts	artifactNotifyText	function	export function artifactNotifyText(
src/application/internal/auto-advance-note.ts	AdvanceOutcomeLike	interface	export interface AdvanceOutcomeLike
src/application/internal/auto-advance-note.ts	dispatchNoteOf	function	export function dispatchNoteOf(outcome: AdvanceOutcomeLike): string
src/application/internal/auto-confirm.ts	AutoConfirmInput	interface	export interface AutoConfirmInput
src/application/internal/auto-confirm.ts	AutoConfirmResult	interface	export interface AutoConfirmResult
src/application/internal/auto-confirm.ts	triggerAutoConfirm	function	export async function triggerAutoConfirm(deps: UseCaseDeps, input: AutoConfirmInput, exec: unknown): Promise<AutoConfir…
src/application/internal/awaiting-confirm.ts	AWAITING_CONFIRM_PREFIX	const	export const AWAITING_CONFIRM_PREFIX
src/application/internal/awaiting-confirm.ts	AwaitingExitReason	type	export type AwaitingExitReason
src/application/internal/awaiting-confirm.ts	AwaitingConfirmDeps	interface	export interface AwaitingConfirmDeps
src/application/internal/awaiting-confirm.ts	isAwaitingConfirmStop	function	export function isAwaitingConfirmStop(req: RequirementRecord | undefined): boolean
src/application/internal/awaiting-confirm.ts	awaitingRefOf	function	export function awaitingRefOf(req: RequirementRecord | undefined): string | undefined
src/application/internal/awaiting-confirm.ts	dialogInFlightFor	function	export function dialogInFlightFor(
src/application/internal/awaiting-confirm.ts	enterAwaitingConfirm	function	export async function enterAwaitingConfirm(
src/application/internal/awaiting-confirm.ts	ExitAwaitingInput	interface	export interface ExitAwaitingInput
src/application/internal/awaiting-confirm.ts	ExitAwaitingResult	interface	export interface ExitAwaitingResult
src/application/internal/awaiting-confirm.ts	exitAwaitingConfirm	function	export async function exitAwaitingConfirm(
src/application/internal/backfill-task-refs.ts	BackfillCandidate	interface	export interface BackfillCandidate
src/application/internal/backfill-task-refs.ts	BackfillNote	interface	export interface BackfillNote
src/application/internal/backfill-task-refs.ts	BackfillRequirementPlan	interface	export interface BackfillRequirementPlan
src/application/internal/backfill-task-refs.ts	BackfillReport	interface	export interface BackfillReport
src/application/internal/backfill-task-refs.ts	planBackfill	function	export async function planBackfill(deps: UseCaseDeps): Promise<BackfillReport>
src/application/internal/backfill-task-refs.ts	applyBackfill	function	export async function applyBackfill(deps: UseCaseDeps, plan: BackfillReport): Promise<BackfillReport>
src/application/internal/backfill-task-refs.ts	checkBackfill	function	export async function checkBackfill(deps: UseCaseDeps): Promise<
src/application/internal/backfill-task-refs.ts	restoreBackfill	function	export async function restoreBackfill(deps: UseCaseDeps, report: BackfillReport): Promise<
src/application/internal/binding-read.ts	boundSummariesOf	function	export async function boundSummariesOf(
src/application/internal/binding-write.ts	RebindInput	interface	export interface RebindInput
src/application/internal/binding-write.ts	applyRebind	function	export function applyRebind(req: RequirementRecord, input: RebindInput): boolean
src/application/internal/binding-write.ts	HandoffWriteInput	interface	export interface HandoffWriteInput
src/application/internal/binding-write.ts	handoffOwner	function	export function handoffOwner(req: RequirementRecord, input: HandoffWriteInput): boolean
src/application/internal/capture-mapping.ts	CAPTURE_QUESTION_IDS	const	export const CAPTURE_QUESTION_IDS
src/application/internal/capture-mapping.ts	DOC_LOCATION_OPTIONS	const	export const DOC_LOCATION_OPTIONS
src/application/internal/capture-mapping.ts	CAPTURE_DEFAULTS	const	export const CAPTURE_DEFAULTS
src/application/internal/capture-mapping.ts	WORKSPACE_SENTINELS	const	export const WORKSPACE_SENTINELS
src/application/internal/capture-mapping.ts	REJECT_PREFIX	const	export const REJECT_PREFIX
src/application/internal/capture-mapping.ts	CAPTURE_ANSWER_KEYS	const	export const CAPTURE_ANSWER_KEYS
src/application/internal/capture-mapping.ts	CaptureAnswerKey	type	export type CaptureAnswerKey
src/application/internal/capture-mapping.ts	CATEGORY_ZH	const	export const CATEGORY_ZH: Readonly<Record<RequirementCategory, string>>
src/application/internal/capture-mapping.ts	buildCaptureIntentQuestions	function	export function buildCaptureIntentQuestions(titleOptions: readonly string[]): AskQuestion[]
src/application/internal/capture-mapping.ts	buildCaptureDetailQuestions	function	export function buildCaptureDetailQuestions(workspaceOptions:
src/application/internal/capture-mapping.ts	buildCaptureQuestions	function	export function buildCaptureQuestions(titleOptions: readonly string[], workspaceOptions:
src/application/internal/capture-mapping.ts	CaptureMapping	interface	export interface CaptureMapping
src/application/internal/capture-mapping.ts	pickAnswer	function	export function pickAnswer(answers: readonly AskAnswer[], id: string): string
src/application/internal/capture-mapping.ts	mapCaptureAnswers	function	export function mapCaptureAnswers(answers: readonly AskAnswer[]): CaptureMapping
src/application/internal/capture-rejections.ts	CAPTURE_REJECTION_CAP	const	export const CAPTURE_REJECTION_CAP
src/application/internal/capture-rejections.ts	CAPTURE_REJECTION_REL	const	export const CAPTURE_REJECTION_REL
src/application/internal/capture-rejections.ts	CAPTURE_REJECTION_TTL_MS	const	export const CAPTURE_REJECTION_TTL_MS
src/application/internal/capture-rejections.ts	appendCaptureRejection	function	export function appendCaptureRejection(
src/application/internal/capture-rejections.ts	isCaptureRejection	function	export function isCaptureRejection(raw: unknown): raw is CaptureRejection
src/application/internal/capture-rejections.ts	recentCaptureRejection	function	export function recentCaptureRejection(
src/application/internal/capture-section.ts	PendingCaptureMessage	interface	export interface PendingCaptureMessage
src/application/internal/capture-section.ts	captureSectionText	function	export function captureSectionText(
src/application/internal/capture-section.ts	captureSectionTextFrom	function	export function captureSectionTextFrom(
src/application/internal/capture-section.ts	boundSectionText	function	export function boundSectionText(
src/application/internal/capture-section.ts	boundSectionTextFrom	function	export function boundSectionTextFrom(
src/application/internal/capture-section.ts	capturePromptForMessage	function	export function capturePromptForMessage(windowKey: string, text: string): string
src/application/internal/capture-section.ts	captureGuidanceText	function	export function captureGuidanceText(windowKey: string): string
src/application/internal/category-doc-sets.ts	COMMON_ROOT_SECTIONS	const	export const COMMON_ROOT_SECTIONS: readonly string[]
src/application/internal/category-doc-sets.ts	ConditionalDesignDoc	interface	export interface ConditionalDesignDoc
src/application/internal/category-doc-sets.ts	ConditionalStageArtifact	interface	export interface ConditionalStageArtifact
src/application/internal/category-doc-sets.ts	CategoryDocDelta	interface	export interface CategoryDocDelta
src/application/internal/category-doc-sets.ts	DesignDocPolicy	interface	export interface DesignDocPolicy
src/application/internal/category-doc-sets.ts	frontmatterList	function	export function frontmatterList(value: string | undefined): string[]
src/application/internal/category-doc-sets.ts	designDocPolicyFrom	function	export function designDocPolicyFrom(frontmatter: Readonly<Record<string, string>>): DesignDocPolicy
src/application/internal/category-doc-sets.ts	effectiveDesignDocs	function	export function effectiveDesignDocs(
src/application/internal/category-doc-sets.ts	conditionalStageArtifactsFor	function	export function conditionalStageArtifactsFor(
src/application/internal/category-doc-sets.ts	requiredStageArtifactKinds	function	export function requiredStageArtifactKinds(
src/application/internal/category-doc-sets.ts	CATEGORY_DELTAS	const	export const CATEGORY_DELTAS: readonly CategoryDocDelta[]
src/application/internal/category-doc-sets.ts	deltaFor	function	export function deltaFor(category: string | undefined): CategoryDocDelta | undefined
src/application/internal/category-doc-sets.ts	requiredRootSectionsFor	function	export function requiredRootSectionsFor(
src/application/internal/category-doc-sets.ts	CategoryDocCheckInput	interface	export interface CategoryDocCheckInput
src/application/internal/category-doc-sets.ts	hasRootSection	function	export function hasRootSection(rootText: string, name: string): boolean
src/application/internal/category-doc-sets.ts	missingCategoryDocs	function	export function missingCategoryDocs(input: CategoryDocCheckInput): string[]
src/application/internal/category-doc-sets.ts	FRONTMATTER_PER_ITEM_KEY	const	export const FRONTMATTER_PER_ITEM_KEY
src/application/internal/category-doc-sets.ts	frontmatterStateViolations	function	export function frontmatterStateViolations(frontmatter: Readonly<Record<string, string>>): string[]
src/application/internal/chain-budget.ts	ChainBudgetLimits	interface	export interface ChainBudgetLimits
src/application/internal/chain-budget.ts	DEFAULT_CHAIN_BUDGET_LIMITS	const	export const DEFAULT_CHAIN_BUDGET_LIMITS: ChainBudgetLimits
src/application/internal/chain-budget.ts	ChainBudgetReason	type	export type ChainBudgetReason
src/application/internal/chain-budget.ts	ChainBudgetVerdict	interface	export interface ChainBudgetVerdict
src/application/internal/chain-budget.ts	isInFlightChain	function	export function isInFlightChain(facts: RequirementFacts): boolean
src/application/internal/chain-budget.ts	inFlightChainCount	function	export function inFlightChainCount(facts: readonly RequirementFacts[], excludeId?: string): number
src/application/internal/chain-budget.ts	cacheReadTotal	function	export function cacheReadTotal(facts: readonly RequirementFacts[], excludeId?: string): number
src/application/internal/chain-budget.ts	checkChainBudget	function	export function checkChainBudget(input:
src/application/internal/checkpoint-manager.ts	CheckpointManager	class	export class CheckpointManager
src/application/internal/checkpoint-manager.ts	checkpointManager	const	export const checkpointManager
src/application/internal/confirm-settle.ts	CONFIRM_ADVANCE_REASON	const	export const CONFIRM_ADVANCE_REASON
src/application/internal/confirm-settle.ts	PLAN_MERGE_ADVANCE_REASON	const	export const PLAN_MERGE_ADVANCE_REASON
src/application/internal/confirm-settle.ts	ConfirmDecision	interface	export interface ConfirmDecision
src/application/internal/confirm-settle.ts	ConfirmDecisionOutcome	interface	export interface ConfirmDecisionOutcome
src/application/internal/confirm-settle.ts	missingArtifactMessage	function	export function missingArtifactMessage(reqId: string, kind: string): string
src/application/internal/confirm-settle.ts	missingPlanMessage	function	export function missingPlanMessage(reqId: string): string
src/application/internal/confirm-settle.ts	recordDeclinedConfirmation	function	export async function recordDeclinedConfirmation(
src/application/internal/confirm-settle.ts	SettlePrecondition	interface	export interface SettlePrecondition
src/application/internal/confirm-settle.ts	gateTransitionOf	function	export function gateTransitionOf(kind: string):
src/application/internal/confirm-settle.ts	gateStaleReason	function	export function gateStaleReason(
src/application/internal/confirm-settle.ts	StampOnce	interface	export interface StampOnce
src/application/internal/confirm-settle.ts	stampArtifactOnce	function	export function stampArtifactOnce(art: StageArtifact, at: number, s: StampOnce): boolean
src/application/internal/confirm-settle.ts	stampPlanOnce	function	export function stampPlanOnce(plan: PlanRecord, at: number, s: StampOnce): boolean
src/application/internal/confirm-settle.ts	recordStaleAnswer	function	export async function recordStaleAnswer(
src/application/internal/confirm-settle.ts	applyConfirmedAdvance	function	export async function applyConfirmedAdvance(
src/application/internal/confirm-settle.ts	applyConfirmDecision	function	export async function applyConfirmDecision(
src/application/internal/conflict-check.ts	WorkSurfaceTask	interface	export interface WorkSurfaceTask
src/application/internal/conflict-check.ts	WorkSurfaceConflict	interface	export interface WorkSurfaceConflict
src/application/internal/conflict-check.ts	declaredFiles	function	export function declaredFiles(implementation: string): string[]
src/application/internal/conflict-check.ts	describeConflicts	function	export function describeConflicts(conflicts: readonly WorkSurfaceConflict[]): string
src/application/internal/conflict-check.ts	findWorkSurfaceConflicts	function	export function findWorkSurfaceConflicts(tasks: readonly WorkSurfaceTask[]): WorkSurfaceConflict[]
src/application/internal/content-gate-triad.ts	TaskCardTriadGap	interface	export interface TaskCardTriadGap
src/application/internal/content-gate-triad.ts	TriadTaskLike	interface	export interface TriadTaskLike
src/application/internal/content-gate-triad.ts	taskCardTriadGaps	function	export async function taskCardTriadGaps(
src/application/internal/content-gate-triad.ts	requirementTaskCardTriadFailure	function	export async function requirementTaskCardTriadFailure(
src/application/internal/content-gate-triad.ts	taskCardTriadFailure	function	export async function taskCardTriadFailure(
src/application/internal/content-gate-wiring.ts	(anonymous)	other	export type
src/application/internal/content-gate-wiring.ts	(anonymous)	other	export type
src/application/internal/content-gate-wiring.ts	planRefsFromDoc	function	export async function planRefsFromDoc(docs: DocsReader, req:
src/application/internal/content-gate-wiring.ts	planRefsMissing	function	export function planRefsMissing(
src/application/internal/content-gate-wiring.ts	requirementRefsOf	function	export function requirementRefsOf(raw: unknown): string[]
src/application/internal/content-gate-wiring.ts	assertClauseCoverageGate	function	export async function assertClauseCoverageGate(
src/application/internal/content-gate-wiring.ts	checkDesignServesGate	function	export async function checkDesignServesGate(docs: DocsReader, req: RequirementRecord): Promise<GateFailure | undefined>
src/application/internal/content-gate-wiring.ts	checkDesignContentGate	function	export async function checkDesignContentGate(
src/application/internal/content-gate-wiring.ts	checkRequirementDocFormatGate	function	export async function checkRequirementDocFormatGate(
src/application/internal/content-gate-wiring.ts	testFileHasServesHeader	function	export function testFileHasServesHeader(text: string): boolean
src/application/internal/content-gate-wiring.ts	testFilesFromDesign	function	export function testFilesFromDesign(doc: ParsedDoc): string[]
src/application/internal/content-gate-wiring.ts	collectMissingAnchors	function	export function collectMissingAnchors(docs: DocsReader, tasks: readonly TaskRecord[]): string[]
src/application/internal/content-gate-wiring.ts	collectOrphanTestFiles	function	export async function collectOrphanTestFiles(docs: DocsReader, req: RequirementRecord): Promise<string[]>
src/application/internal/content-gate-wiring.ts	e2eCoverageOf	function	export async function e2eCoverageOf(docs: DocsReader, req: RequirementRecord): Promise<boolean | undefined>
src/application/internal/content-gate-wiring.ts	collectNumberedItems	function	export async function collectNumberedItems(docs: DocsReader, req: RequirementRecord): Promise<NumberedItem[]>
src/application/internal/content-gate-wiring.ts	EVIDENCE_ANCHOR	const	export const EVIDENCE_ANCHOR
src/application/internal/content-gate-wiring.ts	evidenceAnchorGap	function	export function evidenceAnchorGap(clauseIds: readonly string[], evidence: readonly string[]): string | undefined
src/application/internal/content-gate-wiring.ts	DoneAnchorInput	interface	export interface DoneAnchorInput
src/application/internal/content-gate-wiring.ts	doneEvidenceAnchorFailure	function	export async function doneEvidenceAnchorFailure(docs: DocsReader, input: DoneAnchorInput): Promise<string | undefined>
src/application/internal/content-gate-wiring.ts	NumberChainReport	interface	export interface NumberChainReport
src/application/internal/content-gate-wiring.ts	checkNumberChainGate	function	export async function checkNumberChainGate(docs: DocsReader, req: RequirementRecord): Promise<NumberChainReport>
src/application/internal/content-gate-wiring.ts	TraceabilityCoverage	interface	export interface TraceabilityCoverage
src/application/internal/content-gate-wiring.ts	(anonymous)	other	export type
src/application/internal/content-gate-wiring.ts	checkFullTraceability	function	export async function checkFullTraceability(
src/application/internal/content-gate-wiring.ts	assertFullTraceabilityGate	function	export async function assertFullTraceabilityGate(
src/application/internal/content-gate-wiring.ts	overCapacityItemsOf	function	export function overCapacityItemsOf(tasks: readonly PlanTask[], capacity: number): OverCapacityItem[]
src/application/internal/content-gate-wiring.ts	OverCapacityMarkerReport	interface	export interface OverCapacityMarkerReport
src/application/internal/content-gate-wiring.ts	checkOverCapacityMarkerGate	function	export async function checkOverCapacityMarkerGate(
src/application/internal/content-gate-wiring.ts	ContentMoveGateOptions	interface	export interface ContentMoveGateOptions
src/application/internal/content-gate-wiring.ts	contentGatesForMove	function	export async function contentGatesForMove(
src/application/internal/content-gates.ts	extractClauseDefinitions	function	export function extractClauseDefinitions(doc: ParsedDoc): string[]
src/application/internal/content-gates.ts	extractClauseDefinitionOccurrences	function	export function extractClauseDefinitionOccurrences(doc: ParsedDoc): string[]
src/application/internal/content-gates.ts	SKIP_MARKERS	const	export const SKIP_MARKERS
src/application/internal/content-gates.ts	extractSkippedClauses	function	export function extractSkippedClauses(doc: ParsedDoc): string[]
src/application/internal/content-gates.ts	stripPrototypeAnchors	function	export function stripPrototypeAnchors(text: string): string
src/application/internal/content-gates.ts	extractServes	function	export function extractServes(text: string): string[]
src/application/internal/content-gates.ts	extractServesFrom	function	export function extractServesFrom(doc: ParsedDoc, opts:
src/application/internal/content-gates.ts	collectIds	function	export function collectIds(text: string): string[]
src/application/internal/content-gates.ts	checkClauseCoverage	function	export function checkClauseCoverage(
src/application/internal/content-gates.ts	checkNumberChain	function	export function checkNumberChain(items: readonly NumberedItem[]):
src/application/internal/content-gates.ts	ACCEPTANCE_KIT	const	export const ACCEPTANCE_KIT
src/application/internal/content-gates.ts	checkAcceptanceKit	function	export function checkAcceptanceKit(verification: ParsedDoc):
src/application/internal/content-gates.ts	TRIAD	const	export const TRIAD
src/application/internal/content-gates.ts	TECH_TITLE_TOKENS	const	export const TECH_TITLE_TOKENS
src/application/internal/content-gates.ts	looksTechnical	function	export function looksTechnical(title: string): boolean
src/application/internal/content-gates.ts	triadFields	function	export function triadFields(doc: ParsedDoc): Record<string, string | undefined>
src/application/internal/content-gates.ts	checkTaskCardTriad	function	export function checkTaskCardTriad(doc: ParsedDoc):
src/application/internal/content-gates.ts	checkDesignSectionsHaveServes	function	export function checkDesignSectionsHaveServes(doc: ParsedDoc):
src/application/internal/content-gates.ts	checkE2ECoverage	function	export function checkE2ECoverage(requirement: ParsedDoc):
src/application/internal/content-gates.ts	checkClauseSequence	function	export function checkClauseSequence(roots: readonly string[]): string[]
src/application/internal/content-gates.ts	detectDecompositionFeatures	function	export function detectDecompositionFeatures(doc: ParsedDoc): string[]
src/application/internal/content-gates.ts	checkClauseDuplicates	function	export function checkClauseDuplicates(roots: readonly string[]): string[]
src/application/internal/content-trace.ts	ROOT_PREFIXES_LIKE	const	export const ROOT_PREFIXES_LIKE
src/application/internal/content-trace.ts	isRootKind	function	export function isRootKind(id: string): boolean
src/application/internal/content-trace.ts	traceNumber	function	export function traceNumber(items: readonly NumberedItem[], id: string):
src/application/internal/content-trace.ts	ConsistencyTaskLike	interface	export interface ConsistencyTaskLike
src/application/internal/content-trace.ts	ConsistencyRow	interface	export interface ConsistencyRow
src/application/internal/content-trace.ts	buildConsistencyRows	function	export function buildConsistencyRows(
src/application/internal/content-trace.ts	consistencyGaps	function	export function consistencyGaps(rows: readonly ConsistencyRow[]): string[]
src/application/internal/content-trace.ts	planKeysIn	function	export function planKeysIn(cell: string): string[]
src/application/internal/content-trace.ts	taskRefsFromDecomposition	function	export function taskRefsFromDecomposition(doc: ParsedDoc): ConsistencyTaskLike[]
src/application/internal/content-trace.ts	collectTaskRefs	function	export async function collectTaskRefs(docs: DocsReader, req:
src/application/internal/content-trace.ts	ReceiveState	type	export type ReceiveState
src/application/internal/content-trace.ts	ClauseReceiveStatus	interface	export interface ClauseReceiveStatus
src/application/internal/content-trace.ts	ReceiveTaskLike	interface	export interface ReceiveTaskLike
src/application/internal/content-trace.ts	ledgerTaskRefs	function	export function ledgerTaskRefs(
src/application/internal/content-trace.ts	mergeTaskRefs	function	export function mergeTaskRefs(
src/application/internal/content-trace.ts	collectReceiveRefs	function	export async function collectReceiveRefs(
src/application/internal/content-trace.ts	clauseReceiveStatus	function	export function clauseReceiveStatus(
src/application/internal/content-trace.ts	unreceivedClauses	function	export function unreceivedClauses(status: readonly ClauseReceiveStatus[]): string[]
src/application/internal/content-trace.ts	DesignSection	interface	export interface DesignSection
src/application/internal/content-trace.ts	extractDesignSections	function	export function extractDesignSections(designDocContent: string, filePath: string): DesignSection[]
src/application/internal/content-trace.ts	extractAllDesignSections	function	export async function extractAllDesignSections(docs: DocsReader, designDir: string): Promise<DesignSection[]>
src/application/internal/content-trace.ts	findDesignSectionsForFRs	function	export function findDesignSectionsForFRs(
src/application/internal/content-trace.ts	checkDesignCoverage	function	export function checkDesignCoverage(
src/application/internal/content-trace.ts	checkImplementationCoverage	function	export function checkImplementationCoverage(
src/application/internal/cross-card.ts	CrossCardViewTask	interface	export interface CrossCardViewTask
src/application/internal/cross-card.ts	CrossCardConflict	interface	export interface CrossCardConflict
src/application/internal/cross-card.ts	detectCrossCardOverwrite	function	export function detectCrossCardOverwrite(
src/application/internal/decision-gates.ts	DECISION_SECTION_NAME	const	export const DECISION_SECTION_NAME
src/application/internal/decision-gates.ts	DECISION_VACUUM_MARKER	const	export const DECISION_VACUUM_MARKER
src/application/internal/decision-gates.ts	DECISION_COLUMNS	const	export const DECISION_COLUMNS
src/application/internal/decision-gates.ts	DECISION_IMPERATIVE_TOKENS	const	export const DECISION_IMPERATIVE_TOKENS: readonly string[]
src/application/internal/decision-gates.ts	DecisionSessionReader	interface	export interface DecisionSessionReader
src/application/internal/decision-gates.ts	DecisionTraceResult	interface	export interface DecisionTraceResult
src/application/internal/decision-gates.ts	DecisionTraceOptions	interface	export interface DecisionTraceOptions
src/application/internal/decision-gates.ts	DecisionGateOptions	interface	export interface DecisionGateOptions
src/application/internal/decision-gates.ts	DEFAULT_DECISION_TRACE_LIMIT	const	export const DEFAULT_DECISION_TRACE_LIMIT
src/application/internal/decision-gates.ts	validateDecisionEntries	function	export function validateDecisionEntries(table: ParsedTable, realClauses: ReadonlySet<string>): string[]
src/application/internal/decision-gates.ts	checkDecisionLogGate	function	export async function checkDecisionLogGate(
src/application/internal/decision-gates.ts	hasDecisionTrace	function	export async function hasDecisionTrace(
src/application/internal/design-docs.ts	EMPTY_DESIGN_DOC_POLICY	const	export const EMPTY_DESIGN_DOC_POLICY: DesignDocPolicy
src/application/internal/design-docs.ts	designDocPolicyOf	function	export async function designDocPolicyOf(
src/application/internal/design-docs.ts	designDocStatus	function	export function designDocStatus(
src/application/internal/design-docs.ts	designDocRegistration	function	export function designDocRegistration(
src/application/internal/design-docs.ts	DesignDocScanPort	interface	export interface DesignDocScanPort
src/application/internal/design-docs.ts	designDocNamesOf	function	export function designDocNamesOf(scan: Pick<DesignDocScanPort, 'list'>, reqId: string): string[]
src/application/internal/design-docs.ts	designDocRegistrationOf	function	export async function designDocRegistrationOf(
src/application/internal/design-gates.ts	checkDesignDecompositionGate	function	export async function checkDesignDecompositionGate(
src/application/internal/design-gates.ts	assertArtifactOpenable	function	export function assertArtifactOpenable(docs: DocsReader, rawPath: string): string
src/application/internal/design-gates.ts	checkDesignCompletenessGate	function	export async function checkDesignCompletenessGate(
src/application/internal/diag-log.ts	CAPTURE_DIAG_REL	const	export const CAPTURE_DIAG_REL
src/application/internal/diag-log.ts	initCaptureDiag	function	export function initCaptureDiag(absPath: string): void
src/application/internal/diag-log.ts	captureDiag	function	export function captureDiag(message: string): void
src/application/internal/doc-parse.ts	ParsedHeading	interface	export interface ParsedHeading
src/application/internal/doc-parse.ts	ParsedTable	interface	export interface ParsedTable
src/application/internal/doc-parse.ts	ParsedDoc	interface	export interface ParsedDoc
src/application/internal/doc-parse.ts	DocsEntry	interface	export interface DocsEntry
src/application/internal/doc-parse.ts	DocsReader	interface	export interface DocsReader
src/application/internal/doc-parse.ts	NumberedItem	interface	export interface NumberedItem
src/application/internal/doc-parse.ts	ROOT_PREFIXES	const	export const ROOT_PREFIXES
src/application/internal/doc-parse.ts	CHILD_PREFIXES	const	export const CHILD_PREFIXES
src/application/internal/doc-parse.ts	DEF_LINE_RE	const	export const DEF_LINE_RE
src/application/internal/doc-parse.ts	markCodeFences	function	export function markCodeFences(lines: readonly string[]): boolean[]
src/application/internal/doc-parse.ts	parseDocument	function	export function parseDocument(text: string): ParsedDoc
src/application/internal/doc-parse.ts	isRootId	function	export function isRootId(id: string): boolean
src/application/internal/doc-parse.ts	naturalSort	function	export function naturalSort(ids: readonly string[]): string[]
src/application/internal/failure-handling.ts	FailureCategory	type	export type FailureCategory
src/application/internal/failure-handling.ts	FailureClass	interface	export interface FailureClass
src/application/internal/failure-handling.ts	classifyFailure	function	export function classifyFailure(result:
src/application/internal/failure-handling.ts	isTransientAbort	function	export function isTransientAbort(reason: string): boolean
src/application/internal/failure-handling.ts	rollbackSubtask	function	export function rollbackSubtask(
src/application/internal/failure-handling.ts	appendRevision	function	export function appendRevision(
src/application/internal/gate-feedback.ts	GateFeedback	interface	export interface GateFeedback
src/application/internal/gate-feedback.ts	GATE_HOW_ANCHOR	const	export const GATE_HOW_ANCHOR
src/application/internal/gate-feedback.ts	envelope	function	export function envelope(f: GateFeedback): string
src/application/internal/gate-request.ts	GateRequestInput	interface	export interface GateRequestInput
src/application/internal/gate-request.ts	GateRequestOutcome	type	export type GateRequestOutcome
src/application/internal/gate-request.ts	requestGate	function	export async function requestGate(
src/application/internal/handoff-policy.ts	HandoffThresholds	interface	export interface HandoffThresholds
src/application/internal/handoff-policy.ts	HandoffDecision	type	export type HandoffDecision
src/application/internal/handoff-policy.ts	decideHandoff	function	export function decideHandoff(
src/application/internal/handoff-policy.ts	allowsSelfHandoff	function	export function allowsSelfHandoff(decision: HandoffDecision): boolean
src/application/internal/human-gate.ts	HumanGateReason	type	export type HumanGateReason
src/application/internal/human-gate.ts	HumanGate	interface	export interface HumanGate
src/application/internal/human-gate.ts	GATE_ARTIFACT_KINDS	const	export const GATE_ARTIFACT_KINDS: readonly string[]
src/application/internal/human-gate.ts	HumanGateShape	interface	export interface HumanGateShape
src/application/internal/human-gate.ts	humanGateOf	function	export function humanGateOf(req: HumanGateShape | undefined): HumanGate
src/application/internal/injection-address.ts	augmentResolvedPrompt	function	export function augmentResolvedPrompt(resolved: ResolvedPrompt, input: AddressSectionInput): ResolvedPrompt
src/application/internal/injection-log.ts	INJECTION_LOG_CAP	const	export const INJECTION_LOG_CAP
src/application/internal/injection-log.ts	INJECTION_LOG_REL	const	export const INJECTION_LOG_REL
src/application/internal/injection-log.ts	InjectionLogOrigin	type	export type InjectionLogOrigin
src/application/internal/injection-log.ts	INJECTION_LOG_TEXT_MAX	const	export const INJECTION_LOG_TEXT_MAX
src/application/internal/injection-log.ts	InjectionLogEntry	interface	export interface InjectionLogEntry
src/application/internal/injection-log.ts	InjectionLogView	interface	export interface InjectionLogView extends Omit<InjectionLogEntry, 'origin' | 'delivered'>
src/application/internal/injection-log.ts	InjectionLogInput	type	export type InjectionLogInput
src/application/internal/injection-log.ts	InjectionLogPort	interface	export interface InjectionLogPort
src/application/internal/injection-log.ts	InjectionLogReadPort	interface	export interface InjectionLogReadPort
src/application/internal/injection-log.ts	INJECTION_LOG_FIELDS	const	export const INJECTION_LOG_FIELDS: readonly (keyof InjectionLogEntry)[]
src/application/internal/injection-log.ts	INJECTION_LOG_V2_FIELDS	const	export const INJECTION_LOG_V2_FIELDS: readonly (keyof InjectionLogEntry)[]
src/application/internal/injection-log.ts	capInjectionText	function	export function capInjectionText(
src/application/internal/injection-log.ts	toInjectionLogView	function	export function toInjectionLogView(entry: InjectionLogEntry): InjectionLogView
src/application/internal/injection-log.ts	injectionLogInputFromResolved	function	export function injectionLogInputFromResolved(
src/application/internal/injection-log.ts	injectionLogInputForRound	function	export function injectionLogInputForRound(params:
src/application/internal/injection-log.ts	appendToInjectionLog	function	export function appendToInjectionLog(
src/application/internal/injection-log.ts	queryInjectionLog	function	export function queryInjectionLog(entries: readonly InjectionLogEntry[], k: number): InjectionLogEntry[]
src/application/internal/injection-log.ts	isInjectionLogEntry	function	export function isInjectionLogEntry(raw: unknown): raw is InjectionLogEntry
src/application/internal/interruption.ts	TurnEndOutcome	interface	export interface TurnEndOutcome
src/application/internal/interruption.ts	turnEndOutcome	function	export function turnEndOutcome(data: unknown): TurnEndOutcome | undefined
src/application/internal/interruption.ts	nextActionFor	function	export function nextActionFor(req: RequirementRecord): string
src/application/internal/interruption.ts	INTERRUPTION_MIN_INTERVAL_MS	const	export const INTERRUPTION_MIN_INTERVAL_MS
src/application/internal/interruption.ts	stampCheckpoint	function	export function stampCheckpoint(req: RequirementRecord, now: number, tool?: string): boolean
src/application/internal/interruption.ts	stampInterruption	function	export function stampInterruption(
src/application/internal/isolation-trace.ts	ISOLATION_TRACE_CAP	const	export const ISOLATION_TRACE_CAP
src/application/internal/isolation-trace.ts	ISOLATION_TRACE_REL	const	export const ISOLATION_TRACE_REL
src/application/internal/isolation-trace.ts	ISOLATION_TRACE_FIELDS	const	export const ISOLATION_TRACE_FIELDS: readonly (keyof IsolationTraceEntry)[]
src/application/internal/isolation-trace.ts	appendToIsolationTrace	function	export function appendToIsolationTrace(
src/application/internal/isolation-trace.ts	isIsolationTraceEntry	function	export function isIsolationTraceEntry(raw: unknown): raw is IsolationTraceEntry
src/application/internal/isolation-trace.ts	IsolationLogReadPort	interface	export interface IsolationLogReadPort
src/application/internal/isolation-trace.ts	queryIsolationTrace	function	export function queryIsolationTrace(entries: readonly IsolationTraceEntry[], k: number): IsolationTraceEntry[]
src/application/internal/knowledge-bootstrap.ts	KnowledgeBootstrapPort	interface	export interface KnowledgeBootstrapPort
src/application/internal/knowledge-bootstrap.ts	KnowledgeBootstrapOptions	interface	export interface KnowledgeBootstrapOptions
src/application/internal/knowledge-bootstrap.ts	KnowledgeBootstrap	class	export class KnowledgeBootstrap implements KnowledgeBootstrapPort
src/application/internal/knowledge-budget.ts	KbCandidate	interface	export interface KbCandidate
src/application/internal/knowledge-budget.ts	KbTrimResult	interface	export interface KbTrimResult
src/application/internal/knowledge-budget.ts	payloadChars	function	export function payloadChars(items: readonly KbCandidate[]): number
src/application/internal/knowledge-budget.ts	trimToBudget	function	export function trimToBudget(candidates: readonly KbCandidate[], budgetChars: number): KbTrimResult
src/application/internal/knowledge-inject.ts	KnowledgeIndexInput	interface	export interface KnowledgeIndexInput
src/application/internal/knowledge-inject.ts	KnowledgeSectionResult	interface	export interface KnowledgeSectionResult
src/application/internal/knowledge-inject.ts	buildKnowledgeSection	function	export function buildKnowledgeSection(input: KnowledgeIndexInput): KnowledgeSectionResult
src/application/internal/knowledge-inject.ts	RequirementDigest	interface	export interface RequirementDigest
src/application/internal/knowledge-inject.ts	digestRequirementDoc	function	export function digestRequirementDoc(docText: string, docPath: string, maxChars: number): RequirementDigest
src/application/internal/lazy-expand.ts	resolveSubtaskStages	function	export function resolveSubtaskStages(
src/application/internal/lazy-expand.ts	expandSubtasks	function	export function expandSubtasks(
src/application/internal/lazy-expand.ts	chainDiagnosis	function	export function chainDiagnosis(
src/application/internal/lazy-expand.ts	regenerateChain	function	export function regenerateChain(
src/application/internal/migrate-dive-state.ts	MigrationDeps	interface	export interface MigrationDeps
src/application/internal/migrate-dive-state.ts	MigrationResult	interface	export interface MigrationResult
src/application/internal/migrate-dive-state.ts	migrateOne	function	export function migrateOne(r: RequirementRecord, now: number): string | undefined
src/application/internal/migrate-dive-state.ts	migrateDiveState	function	export async function migrateDiveState(deps: MigrationDeps): Promise<MigrationResult>
src/application/internal/node-input-package.ts	LedgerProjection	interface	export interface LedgerProjection
src/application/internal/node-input-package.ts	NodeInputPrototypeFields	interface	export interface NodeInputPrototypeFields
src/application/internal/node-input-package.ts	DecisionRow	interface	export interface DecisionRow
src/application/internal/node-input-package.ts	decisionRowsIn	function	export function decisionRowsIn(requirementDoc: string): DecisionRow[]
src/application/internal/node-input-package.ts	projectNodeRefs	function	export function projectNodeRefs(
src/application/internal/node-input-package.ts	projectLedger	function	export function projectLedger(requirement: RequirementRecord | undefined, stage: PromptStage): LedgerProjection
src/application/internal/node-input-package.ts	CAPACITY_REFERENCE_NOTE	const	export const CAPACITY_REFERENCE_NOTE
src/application/internal/node-input-package.ts	safeContextPressure	function	export function safeContextPressure(
src/application/internal/node-input-package.ts	resolveSessionProbe	function	export function resolveSessionProbe(
src/application/internal/node-input-package.ts	remainingTokensOf	function	export function remainingTokensOf(pressure: ContextPressureSnapshot | undefined): number | undefined
src/application/internal/node-input-package.ts	roundCapacityText	function	export function roundCapacityText(pressure: ContextPressureSnapshot | undefined): string
src/application/internal/node-input-package.ts	NodeInputPackageInput	interface	export interface NodeInputPackageInput extends NodeInputPrototypeFields
src/application/internal/node-input-package.ts	NodeInputPackage	interface	export interface NodeInputPackage
src/application/internal/node-input-package.ts	buildNodeInputPackage	function	export function buildNodeInputPackage(input: NodeInputPackageInput): NodeInputPackage
src/application/internal/node-input-package.ts	requirementDocPath	function	export function requirementDocPath(requirement: RequirementRecord | undefined): string
src/application/internal/node-input-package.ts	newWindowInstruction	function	export function newWindowInstruction(packageText: string): string
src/application/internal/node-settlement.ts	NodeSettlement	interface	export interface NodeSettlement
src/application/internal/node-settlement.ts	NodeSettlementStats	interface	export interface NodeSettlementStats
src/application/internal/node-settlement.ts	GateChainTrigger	interface	export interface GateChainTrigger
src/application/internal/node-settlement.ts	NodeSettlementDeps	interface	export interface NodeSettlementDeps
src/application/internal/node-settlement.ts	NodeSettlementDispatcher	interface	export interface NodeSettlementDispatcher
src/application/internal/node-settlement.ts	createNodeSettlementDispatcher	function	export function createNodeSettlementDispatcher(deps: NodeSettlementDeps): NodeSettlementDispatcher
src/application/internal/orphan-collector.ts	OrphanResult	interface	export interface OrphanResult
src/application/internal/orphan-collector.ts	identifyOrphans	function	export function identifyOrphans(
src/application/internal/orphan-collector.ts	isOrphan	function	export function isOrphan(
src/application/internal/orphan-collector.ts	calculateRetryAttempt	function	export function calculateRetryAttempt(task: TaskRecord): number
src/application/internal/pending-confirm.ts	ConfirmSubmitted	interface	export interface ConfirmSubmitted
src/application/internal/pending-confirm.ts	AskRace	type	export type AskRace
src/application/internal/pending-confirm.ts	raceAsk	function	export function raceAsk(ask: Promise<readonly AskAnswer[]>, graceMs: number): Promise<AskRace>
src/application/internal/pending-confirm.ts	outcomeOf	function	export function outcomeOf(body: SettledBody): PendingConfirmationOutcome
src/application/internal/pending-confirm.ts	suspendConfirm	function	export function suspendConfirm(
src/application/internal/pending-guard.ts	PENDING_CONFIRM_BLOCKED_TOOLS	const	export const PENDING_CONFIRM_BLOCKED_TOOLS: readonly string[]
src/application/internal/pending-guard.ts	PENDING_CONFIRM_RECOVERY	const	export const PENDING_CONFIRM_RECOVERY
src/application/internal/pending-guard.ts	isConfirmGateKind	function	export function isConfirmGateKind(kind: string | undefined): boolean
src/application/internal/pending-guard.ts	hasConfirmGateOf	function	export function hasConfirmGateOf(rec: PendingConfirmation): boolean
src/application/internal/pending-guard.ts	hasConfirmableArtifactOf	function	export function hasConfirmableArtifactOf(req: RequirementRecord, rec: PendingConfirmation): boolean
src/application/internal/pending-guard.ts	targetConfirmedInLedger	function	export function targetConfirmedInLedger(req: RequirementRecord, rec: PendingConfirmation): boolean
src/application/internal/pending-guard.ts	livePendingConfirm	function	export async function livePendingConfirm(deps: UseCaseDeps, windowKey: string): Promise<PendingConfirmation | undefined>
src/application/internal/pending-guard.ts	PendingConfirmFacts	interface	export interface PendingConfirmFacts
src/application/internal/pending-guard.ts	pendingConfirmFactsOf	function	export function pendingConfirmFactsOf(req: RequirementRecord, rec: PendingConfirmation, now: number): PendingConfirmFac…
src/application/internal/pending-guard.ts	pendingConfirmRejectMessage	function	export function pendingConfirmRejectMessage(p: PendingConfirmation, facts?: PendingConfirmFacts): string
src/application/internal/plan-deps-check.ts	docDependencyRefs	function	export function docDependencyRefs(docText: string, keys: ReadonlySet<string>): Map<string, string[]>
src/application/internal/plan-deps-check.ts	planDependencyWarnings	function	export function planDependencyWarnings(docText: string, tasks: readonly PlanTask[]): string[]
src/application/internal/plan-landing.ts	PlanTaskDraft	interface	export interface PlanTaskDraft
src/application/internal/plan-landing.ts	LandedTaskRef	interface	export interface LandedTaskRef
src/application/internal/plan-landing.ts	LandPlanTasksInput	interface	export interface LandPlanTasksInput
src/application/internal/plan-landing.ts	LandPlanTasksResult	interface	export interface LandPlanTasksResult
src/application/internal/plan-landing.ts	landPlanTasks	function	export async function landPlanTasks(deps: UseCaseDeps, input: LandPlanTasksInput): Promise<LandPlanTasksResult>
src/application/internal/plan-prototype-refs.ts	PlanPrototypeAnchor	interface	export interface PlanPrototypeAnchor
src/application/internal/plan-prototype-refs.ts	PlanPrototypeAnchorParse	interface	export interface PlanPrototypeAnchorParse
src/application/internal/plan-prototype-refs.ts	planPrototypeAnchorsIn	function	export function planPrototypeAnchorsIn(text: string, reqId: string): PlanPrototypeAnchorParse
src/application/internal/plan-prototype-refs.ts	prototypeRefsOfTask	function	export function prototypeRefsOfTask(raw: unknown): string[]
src/application/internal/plan-prototype-refs.ts	PlanTaskAnchorView	interface	export interface PlanTaskAnchorView
src/application/internal/plan-prototype-refs.ts	planTaskAnchorViews	function	export function planTaskAnchorViews(rawTasks: readonly unknown[]): PlanTaskAnchorView[]
src/application/internal/plan-prototype-refs.ts	isUiCard	function	export function isUiCard(view: PlanTaskAnchorView): boolean
src/application/internal/plan-prototype-refs.ts	prototypeRefsFromPlanDoc	function	export function prototypeRefsFromPlanDoc(doc: ParsedDoc): Map<string, string[]>
src/application/internal/plan-prototype-refs.ts	UiCardAnchorClaim	interface	export interface UiCardAnchorClaim
src/application/internal/plan-prototype-refs.ts	uiCardAnchorClaims	function	export function uiCardAnchorClaims(
src/application/internal/plan-prototype-refs.ts	prototypeAnchorGaps	function	export function prototypeAnchorGaps(
src/application/internal/plan-refs.ts	RefSource	type	export type RefSource
src/application/internal/plan-refs.ts	RefsForLandingInput	interface	export interface RefsForLandingInput
src/application/internal/plan-refs.ts	RefsForLandingResult	interface	export interface RefsForLandingResult
src/application/internal/plan-refs.ts	refsForLanding	function	export async function refsForLanding(input: RefsForLandingInput): Promise<RefsForLandingResult>
src/application/internal/plan-refs.ts	unrefedKeys	function	export function unrefedKeys(keys: readonly string[], refs: ReadonlyMap<string, string[]>): string[]
src/application/internal/plan-task-projections.ts	PlanTaskProjection	type	export type PlanTaskProjection
src/application/internal/plan-task-projections.ts	planTaskProjections	function	export function planTaskProjections(doc: ParsedDoc): PlanTaskProjection[]
src/application/internal/project-identity.ts	ProjectSource	type	export type ProjectSource
src/application/internal/project-identity.ts	SameProjectVerdict	interface	export interface SameProjectVerdict
src/application/internal/project-identity.ts	projectIdOfWindow	function	export function projectIdOfWindow(
src/application/internal/project-identity.ts	rootOfProject	function	export function rootOfProject(
src/application/internal/project-identity.ts	sameProjectOf	function	export function sameProjectOf(
src/application/internal/project-root.ts	normalizeProjectRoot	function	export function normalizeProjectRoot(p: string): string
src/application/internal/project-root.ts	sameProjectRoot	function	export function sameProjectRoot(a: string, b: string, realpath?: (p: string)
src/application/internal/prompt-cost.ts	InjectionLogLike	interface	export interface InjectionLogLike
src/application/internal/prompt-cost.ts	unavailableSystemPromptCost	function	export function unavailableSystemPromptCost(): SystemPromptCost
src/application/internal/prompt-cost.ts	summarizeSystemPrompt	function	export function summarizeSystemPrompt(assembly: unknown, turns: number): SystemPromptCost
src/application/internal/prompt-cost.ts	injectionWindowsOf	function	export function injectionWindowsOf(sessionIds: readonly (string | undefined)[]): Set<string>
src/application/internal/prompt-cost.ts	summarizeInjections	function	export function summarizeInjections(
src/application/internal/prototype-gates.ts	GeometryUnit	type	export type GeometryUnit
src/application/internal/prototype-gates.ts	GeometryState	type	export type GeometryState
src/application/internal/prototype-gates.ts	ProtoAnchor	interface	export interface ProtoAnchor
src/application/internal/prototype-gates.ts	ProtoObservation	interface	export interface ProtoObservation
src/application/internal/prototype-gates.ts	PrototypeMetadata	interface	export interface PrototypeMetadata
src/application/internal/prototype-gates.ts	THRESHOLD_KEYS	const	export const THRESHOLD_KEYS: readonly string[]
src/application/internal/prototype-gates.ts	parsePrototypeMetadata	function	export function parsePrototypeMetadata(html: string): PrototypeMetadata
src/application/internal/prototype-gates.ts	PrototypeIndexRow	interface	export interface PrototypeIndexRow
src/application/internal/prototype-gates.ts	PrototypeIndex	interface	export interface PrototypeIndex
src/application/internal/prototype-gates.ts	parsePrototypeIndex	function	export function parsePrototypeIndex(doc: ParsedDoc, reqId: string): PrototypeIndex
src/application/internal/prototype-gates.ts	toReqRelative	function	export function toReqRelative(raw: string, reqId: string): string | undefined
src/application/internal/prototype-gates.ts	prototypePathsIn	function	export function prototypePathsIn(text: string): string[]
src/application/internal/prototype-gates.ts	prototypeExemptOf	function	export function prototypeExemptOf(
src/application/internal/prototype-gates.ts	checkPrototypePresenceGate	function	export async function checkPrototypePresenceGate(docs: DocsReader, req: RequirementRecord): Promise<GateFailure | undef…
src/application/internal/prototype-gates.ts	checkPrototypeVersionGate	function	export async function checkPrototypeVersionGate(docs: DocsReader, req: RequirementRecord): Promise<GateFailure | undefi…
src/application/internal/prototype-gates.ts	checkPrototypeAnchorsGate	function	export async function checkPrototypeAnchorsGate(docs: DocsReader, req: RequirementRecord): Promise<GateFailure | undefi…
src/application/internal/prototype-registration.ts	isRegisteredArtifact	function	export function isRegisteredArtifact(a: StageArtifact): boolean
src/application/internal/prototype-registration.ts	registeredPrototypesOf	function	export function registeredPrototypesOf(req: RequirementRecord): StageArtifact[]
src/application/internal/prototype-registration.ts	unregisteredDiscoveredPrototypesOf	function	export function unregisteredDiscoveredPrototypesOf(req: RequirementRecord): StageArtifact[]
src/application/internal/prototype-registration.ts	prototypePresenceGaps	function	export function prototypePresenceGaps(req: RequirementRecord): string[]
src/application/internal/prototype-skeleton-template.ts	PROTOTYPE_HTML_SKELETON	const	export const PROTOTYPE_HTML_SKELETON
src/application/internal/prototype-skeleton-template.ts	prototypeIndexSkeleton	function	export function prototypeIndexSkeleton(name: string): string
src/application/internal/prototype-skeleton.ts	PROTOTYPE_TEMPLATE_REL	const	export const PROTOTYPE_TEMPLATE_REL
src/application/internal/prototype-skeleton.ts	PROTOTYPE_DIR	const	export const PROTOTYPE_DIR
src/application/internal/prototype-skeleton.ts	DEFAULT_PROTOTYPE_NAME	const	export const DEFAULT_PROTOTYPE_NAME
src/application/internal/prototype-skeleton.ts	PROTOTYPE_INDEX_NAME	const	export const PROTOTYPE_INDEX_NAME
src/application/internal/prototype-skeleton.ts	CATEGORY_DEFAULT_SIDES	const	export const CATEGORY_DEFAULT_SIDES: Readonly<Record<string, readonly string[]>>
src/application/internal/prototype-skeleton.ts	PrototypeSkeletonPort	interface	export interface PrototypeSkeletonPort
src/application/internal/prototype-skeleton.ts	PrototypeSkeletonOptions	interface	export interface PrototypeSkeletonOptions
src/application/internal/prototype-skeleton.ts	PrototypeSkeletonResult	interface	export interface PrototypeSkeletonResult
src/application/internal/prototype-skeleton.ts	landPrototypeSkeleton	function	export async function landPrototypeSkeleton(
src/application/internal/provider-latch.ts	DEFAULT_PROVIDER_LATCH_TTL_MS	const	export const DEFAULT_PROVIDER_LATCH_TTL_MS
src/application/internal/provider-latch.ts	ProviderLatchSnapshot	interface	export interface ProviderLatchSnapshot
src/application/internal/provider-latch.ts	ProviderLatch	interface	export interface ProviderLatch
src/application/internal/provider-latch.ts	createProviderLatch	function	export function createProviderLatch(deps:
src/application/internal/rearm.ts	RearmTrigger	type	export type RearmTrigger
src/application/internal/rearm.ts	RearmDeps	interface	export interface RearmDeps
src/application/internal/rearm.ts	isRecoverableRequirement	function	export function isRecoverableRequirement(req: RequirementRecord | undefined): boolean
src/application/internal/rearm.ts	recoverHealth	function	export async function recoverHealth(
src/application/internal/rearm.ts	rearmIfRecoverable	const	export const rearmIfRecoverable
src/application/internal/rearm.ts	armExplicit	function	export async function armExplicit(
src/application/internal/reconcile-terminal-dive.ts	TerminalReconcileDeps	interface	export interface TerminalReconcileDeps
src/application/internal/reconcile-terminal-dive.ts	TerminalReconcileResult	interface	export interface TerminalReconcileResult
src/application/internal/reconcile-terminal-dive.ts	reconcileTerminalDive	function	export async function reconcileTerminalDive(deps: TerminalReconcileDeps): Promise<TerminalReconcileResult>
src/application/internal/report-path.ts	reportPathCandidates	function	export function reportPathCandidates(file: string, workspaceRoot?: string): string[]
src/application/internal/report-path.ts	reportFileMtime	function	export function reportFileMtime(deps: UseCaseDeps, file: string): number | undefined
src/application/internal/requirement-marks-doc.ts	MARKS_BEGIN	const	export const MARKS_BEGIN
src/application/internal/requirement-marks-doc.ts	MARKS_END	const	export const MARKS_END
src/application/internal/requirement-marks-doc.ts	MARKS_TITLE	const	export const MARKS_TITLE
src/application/internal/requirement-marks-doc.ts	marksTableRows	function	export function marksTableRows(view: RequirementMarksView): string[]
src/application/internal/requirement-marks-doc.ts	renderMarksBlock	function	export function renderMarksBlock(view: RequirementMarksView): string
src/application/internal/requirement-marks-doc.ts	marksBlockRange	function	export function marksBlockRange(text: string):
src/application/internal/requirement-marks-doc.ts	hasMarksBlock	function	export function hasMarksBlock(text: string): boolean
src/application/internal/requirement-marks-doc.ts	readMarksBlockStates	function	export function readMarksBlockStates(text: string): Array<
src/application/internal/requirement-marks-doc.ts	upsertMarksBlock	function	export function upsertMarksBlock(text: string, block: string): string
src/application/internal/rework-update.ts	applyReworkUpdate	function	export function applyReworkUpdate(
src/application/internal/rollback-cleanup.ts	CleanupMatch	type	export type CleanupMatch
src/application/internal/rollback-cleanup.ts	CleanupSkip	interface	export interface CleanupSkip
src/application/internal/rollback-cleanup.ts	CleanupRestore	interface	export interface CleanupRestore
src/application/internal/rollback-cleanup.ts	RollbackCleanupPlan	interface	export interface RollbackCleanupPlan
src/application/internal/rollback-cleanup.ts	REWORK_TITLE_PREFIX	const	export const REWORK_TITLE_PREFIX
src/application/internal/rollback-cleanup.ts	planRollbackCleanup	function	export function planRollbackCleanup(
src/application/internal/rollback-revocation.ts	RollbackRevocation	interface	export interface RollbackRevocation
src/application/internal/rollback-revocation.ts	applyRollbackRevocation	function	export function applyRollbackRevocation(
src/application/internal/rollback-tasks.ts	ROLLBACK_MATERIALIZE_LIMIT	const	export const ROLLBACK_MATERIALIZE_LIMIT
src/application/internal/rollback-tasks.ts	RollbackTaskPlan	interface	export interface RollbackTaskPlan
src/application/internal/rollback-tasks.ts	TaskIdFactory	interface	export interface TaskIdFactory
src/application/internal/rollback-tasks.ts	planRollbackTasks	function	export function planRollbackTasks(
src/application/internal/rollback.ts	RollbackIdFactory	interface	export interface RollbackIdFactory
src/application/internal/rollback.ts	RequirementRollbackOutcome	interface	export interface RequirementRollbackOutcome
src/application/internal/rollback.ts	applyRequirementRollback	function	export function applyRequirementRollback(
src/application/internal/rollback.ts	resetInjectionAfterRollback	function	export function resetInjectionAfterRollback(
src/application/internal/rollback.ts	recordRollbackMaterialized	function	export function recordRollbackMaterialized(
src/application/internal/rollup.ts	RollupContext	interface	export interface RollupContext
src/application/internal/rollup.ts	applyPickupAdvance	function	export function applyPickupAdvance(
src/application/internal/rollup.ts	applyPickupReconcile	function	export function applyPickupReconcile(ledger: ReqboardLedger, ctx: RollupContext): RequirementRecord[]
src/application/internal/rollup.ts	applyTaskRollup	function	export function applyTaskRollup(
src/application/internal/rollup.ts	applyTaskRollupVia	function	export async function applyTaskRollupVia(
src/application/internal/rtm-health.ts	RTMFailureRecord	interface	export interface RTMFailureRecord
src/application/internal/rtm-health.ts	PROTOTYPE_RULES_SINCE	const	export const PROTOTYPE_RULES_SINCE
src/application/internal/rtm-health.ts	RTMHealthStatus	interface	export interface RTMHealthStatus
src/application/internal/rtm-health.ts	RTM_TRIGGER_TRACES_FILE	const	export const RTM_TRIGGER_TRACES_FILE
src/application/internal/rtm-health.ts	RTMTriggerTrace	interface	export interface RTMTriggerTrace
src/application/internal/rtm-health.ts	readRTMTriggerTraces	function	export function readRTMTriggerTraces(stateDir: string): RTMTriggerTrace[]
src/application/internal/rtm-health.ts	recordRTMTriggerTrace	function	export function recordRTMTriggerTrace(
src/application/internal/rtm-health.ts	recordRTMFailure	function	export function recordRTMFailure(
src/application/internal/rtm-health.ts	clearRTMFailure	function	export function clearRTMFailure(stateDir: string, requirementId: string): void
src/application/internal/rtm-health.ts	expectedRTMFiles	function	export function expectedRTMFiles(status: string): string[]
src/application/internal/rtm-health.ts	prototypesSectionPresent	function	export function prototypesSectionPresent(text: string | undefined): boolean | undefined
src/application/internal/rtm-health.ts	PrototypeSectionVerdict	interface	export interface PrototypeSectionVerdict
src/application/internal/rtm-health.ts	prototypeSectionVerdict	function	export function prototypeSectionVerdict(input:
src/application/internal/rtm-health.ts	CheckRTMHealthOptions	interface	export interface CheckRTMHealthOptions
src/application/internal/rtm-health.ts	checkRTMHealth	function	export function checkRTMHealth(
src/application/internal/rtm-integration.ts	RTMIntegrationResult	interface	export interface RTMIntegrationResult
src/application/internal/rtm-integration.ts	generateRTMData	function	export async function generateRTMData(
src/application/internal/rtm-yaml.ts	RtmYamlPayload	interface	export interface RtmYamlPayload
src/application/internal/rtm-yaml.ts	RTMLedgerSnapshot	interface	export interface RTMLedgerSnapshot
src/application/internal/rtm-yaml.ts	inferWorkflowPhase	function	export function inferWorkflowPhase(summary: string): WorkflowPhase
src/application/internal/rtm-yaml.ts	coverageGateOf	function	export function coverageGateOf(
src/application/internal/rtm-yaml.ts	syncRTMYaml	function	export async function syncRTMYaml(
src/application/internal/rtm-yaml.ts	syncRTMYamlWithSnapshot	function	export function syncRTMYamlWithSnapshot(
src/application/internal/session-buffers.ts	ToolTraceEntry	interface	export interface ToolTraceEntry
src/application/internal/session-buffers.ts	TOOL_TRACE_CAP	const	export const TOOL_TRACE_CAP
src/application/internal/session-buffers.ts	recordToolTrace	function	export function recordToolTrace(trace: Map<string, ToolTraceEntry[]>, windowKey: string, name: string, at: number): void
src/application/internal/session-buffers.ts	toolActivitySince	function	export function toolActivitySince(
src/application/internal/session-buffers.ts	RecentUserMsg	interface	export interface RecentUserMsg
src/application/internal/session-buffers.ts	RECENT_USER_MSG_CAP	const	export const RECENT_USER_MSG_CAP
src/application/internal/session-buffers.ts	CONFIRM_EVIDENCE_WINDOW_MS	const	export const CONFIRM_EVIDENCE_WINDOW_MS
src/application/internal/session-buffers.ts	recordRecentUserMsg	function	export function recordRecentUserMsg(buf: Map<string, RecentUserMsg[]>, windowKey: string, text: string, at: number): vo…
src/application/internal/session-buffers.ts	evidenceMatchesRecentUserMsg	function	export function evidenceMatchesRecentUserMsg(
src/application/internal/session-message-filter.ts	cleanUserMessageText	function	export function cleanUserMessageText(raw: unknown): string
src/application/internal/session-message-filter.ts	extractUserMessageText	function	export function extractUserMessageText(msg: unknown): string
src/application/internal/session-message-filter.ts	isIgnoredSession	function	export function isIgnoredSession(sessionId: string, sessionMeta?: unknown): boolean
src/application/internal/sheet-tasks.ts	SheetTaskInput	interface	export interface SheetTaskInput
src/application/internal/sheet-tasks.ts	toSheetTasks	function	export function toSheetTasks(tasks: readonly TaskRecord[]): SheetTaskInput[]
src/application/internal/skill-manifest.ts	SKILL_MANIFEST_SCHEMA	const	export const SKILL_MANIFEST_SCHEMA
src/application/internal/skill-manifest.ts	SkillProvenanceV1	interface	export interface SkillProvenanceV1
src/application/internal/skill-manifest.ts	SkillTrimRule	interface	export interface SkillTrimRule
src/application/internal/skill-manifest.ts	SkillFileFingerprint	interface	export interface SkillFileFingerprint
src/application/internal/skill-manifest.ts	SkillManifestV1	interface	export interface SkillManifestV1
src/application/internal/skill-manifest.ts	BuildManifestInput	interface	export interface BuildManifestInput
src/application/internal/skill-manifest.ts	buildManifest	function	export function buildManifest(input: BuildManifestInput): SkillManifestV1
src/application/internal/skill-manifest.ts	isSha256Hex	function	export function isSha256Hex(value: unknown): value is string
src/application/internal/skill-manifest.ts	SkillManifestMismatch	interface	export interface SkillManifestMismatch
src/application/internal/skill-manifest.ts	SkillManifestMismatchKind	type	export type SkillManifestMismatchKind
src/application/internal/skill-manifest.ts	verifyManifest	function	export function verifyManifest(
src/application/internal/skill-manifest.ts	manifestNeedsRebuild	function	export function manifestNeedsRebuild(mismatches: readonly SkillManifestMismatch[]): boolean
src/application/internal/skill-manifest.ts	parseProvenanceMarkdown	function	export function parseProvenanceMarkdown(text: string): SkillProvenanceV1
src/application/internal/skill-manifest.ts	verifyProvenance	function	export function verifyProvenance(
src/application/internal/stage-gate-timeline.ts	StageGateProbes	interface	export interface StageGateProbes
src/application/internal/stage-gate-timeline.ts	StageGateOverdueReading	interface	export interface StageGateOverdueReading
src/application/internal/stage-gate-timeline.ts	assertStageGateTimelineGate	function	export async function assertStageGateTimelineGate(
src/application/internal/stale-rework.ts	STALE_REWORK_REASON	const	export const STALE_REWORK_REASON
src/application/internal/stale-rework.ts	CancelStaleReworkInput	interface	export interface CancelStaleReworkInput
src/application/internal/stale-rework.ts	CancelStaleReworkResult	interface	export interface CancelStaleReworkResult
src/application/internal/stale-rework.ts	cancelStaleReworkCards	function	export async function cancelStaleReworkCards(input: CancelStaleReworkInput): Promise<CancelStaleReworkResult>
src/application/internal/startup-scan.ts	StartupScanWiring	interface	export interface StartupScanWiring
src/application/internal/startup-scan.ts	scheduleStartupScan	function	export function scheduleStartupScan(wire: StartupScanWiring): void
src/application/internal/status-rtm-integration.ts	StatusRTMResult	interface	export interface StatusRTMResult
src/application/internal/status-rtm-integration.ts	generateStatusRTM	function	export function generateStatusRTM(
src/application/internal/submit-rtm-integration.ts	SubmitRTMResult	interface	export interface SubmitRTMResult
src/application/internal/submit-rtm-integration.ts	generateAcceptanceTracking	function	export function generateAcceptanceTracking(
src/application/internal/subtask-evidence.ts	SubtaskRunView	interface	export interface SubtaskRunView
src/application/internal/subtask-evidence.ts	SubtaskEvidenceInput	interface	export interface SubtaskEvidenceInput
src/application/internal/subtask-evidence.ts	FailedRunView	interface	export interface FailedRunView
src/application/internal/subtask-evidence.ts	EvidenceVerdict	type	export type EvidenceVerdict
src/application/internal/subtask-evidence.ts	isEnvironmentalFailure	function	export function isEnvironmentalFailure(run:
src/application/internal/subtask-evidence.ts	checkSubtaskEvidence	function	export function checkSubtaskEvidence(input: SubtaskEvidenceInput): EvidenceVerdict
src/application/internal/subtask-evidence.ts	pagesPkgOf	function	export function pagesPkgOf(file: string | undefined): string
src/application/internal/subtask-evidence.ts	checkParentSubtasksDone	function	export function checkParentSubtasksDone(subtasks: ReadonlyArray<
src/application/internal/support.ts	reject	function	export function reject(message: string, code: string): never
src/application/internal/support.ts	agentIdFromExec	function	export function agentIdFromExec(deps: UseCaseDeps, exec: unknown): string
src/application/internal/support.ts	dispatchOwnerOf	function	export function dispatchOwnerOf(exec: unknown): string | undefined
src/application/internal/support.ts	WorkspaceRootTargets	interface	export interface WorkspaceRootTargets
src/application/internal/support.ts	resolveWorkspaceRoot	function	export function resolveWorkspaceRoot(exec: unknown, requirement?:
src/application/internal/support.ts	applyRequirementWorkspaceRoot	function	export function applyRequirementWorkspaceRoot(
src/application/internal/support.ts	rootOfRequirement	function	export function rootOfRequirement(
src/application/internal/support.ts	ResolvedRequirementRoot	interface	export interface ResolvedRequirementRoot
src/application/internal/support.ts	projectIdOfWindowForDeps	function	export function projectIdOfWindowForDeps(
src/application/internal/support.ts	CROSS_PROJECT_SEAT	const	export const CROSS_PROJECT_SEAT
src/application/internal/support.ts	SameProjectGuard	interface	export interface SameProjectGuard
src/application/internal/support.ts	requireSameProject	function	export function requireSameProject(
src/application/internal/support.ts	syncWorkspaceRootForRequirement	function	export function syncWorkspaceRootForRequirement(deps: UseCaseDeps, _exec: unknown, requirement:
src/application/internal/support.ts	PROJECT_ROOT_MISMATCH	const	export const PROJECT_ROOT_MISMATCH
src/application/internal/support.ts	USED_PROJECT_ROOT_FIELD	const	export const USED_PROJECT_ROOT_FIELD
src/application/internal/support.ts	ProjectRootDecision	interface	export interface ProjectRootDecision
src/application/internal/support.ts	projectRootOf	function	export function projectRootOf(
src/application/internal/support.ts	ProjectPartition	interface	export interface ProjectPartition<T>
src/application/internal/support.ts	partitionByProject	function	export function partitionByProject<T extends
src/application/internal/support.ts	isAbsoluteRoot	function	export function isAbsoluteRoot(p: string): boolean
src/application/internal/support.ts	INVALID_WORKSPACE	const	export const INVALID_WORKSPACE
src/application/internal/support.ts	WriteRootCaller	interface	export interface WriteRootCaller
src/application/internal/support.ts	ensureWritableProjectRoot	function	export function ensureWritableProjectRoot(
src/application/internal/support.ts	assertWritableRequirementProject	function	export async function assertWritableRequirementProject(
src/application/internal/support.ts	requireLiveDriver	function	export function requireLiveDriver(deps: UseCaseDeps, exec: unknown): void
src/application/internal/support.ts	requireDirectHuman	function	export function requireDirectHuman(deps: UseCaseDeps, exec: unknown): void
src/application/internal/support.ts	notifyArtifactRegistered	function	export function notifyArtifactRegistered(
src/application/internal/support.ts	rollupBlockersOf	function	export function rollupBlockersOf(
src/application/internal/support.ts	assertDoneEvidence	function	export function assertDoneEvidence(
src/application/internal/support.ts	workspacePathCandidates	function	export function workspacePathCandidates(evidence: readonly string[]): string[]
src/application/internal/support.ts	gateQuestionCard	function	export function gateQuestionCard(gateKind: string | undefined, from: string, to: string): string
src/application/internal/support.ts	resolveDocBasePath	function	export function resolveDocBasePath(raw: unknown):
src/application/internal/support.ts	createRequirementDirect	function	export async function createRequirementDirect(
src/application/internal/support.ts	projectRequirement	function	export function projectRequirement(r: RequirementRecord):
src/application/internal/support.ts	mapAgentError	function	export function mapAgentError(err: unknown): never
src/application/internal/support.ts	assertNoPendingConfirm	function	export async function assertNoPendingConfirm(deps: UseCaseDeps, windowKey: string): Promise<void>
src/application/internal/task-card-generator.ts	PlanTask	interface	export interface PlanTask
src/application/internal/task-card-generator.ts	TaskCardPlaceholders	interface	export interface TaskCardPlaceholders
src/application/internal/task-card-generator.ts	generateTaskCardPlaceholders	function	export async function generateTaskCardPlaceholders(
src/application/internal/task-card-generator.ts	renderTaskCard	function	export function renderTaskCard(
src/application/internal/task-card-generator.ts	generateTaskCardSkeleton	function	export async function generateTaskCardSkeleton(
src/application/internal/task-completeness.ts	taskCompletenessGap	function	export function taskCompletenessGap(
src/application/internal/task-transition.ts	TaskTransitionOpts	interface	export interface TaskTransitionOpts
src/application/internal/task-transition.ts	transitionTask	function	export function transitionTask(task: TaskRecord, to: TaskStatus, opts: TaskTransitionOpts): void
src/application/internal/team-dispatch.ts	teamWorkerName	function	export function teamWorkerName(parentId: string): string
src/application/internal/team-dispatch.ts	teamTaskSubject	function	export function teamTaskSubject(stageKind: string | undefined, title: string): string
src/application/internal/team-dispatch.ts	parentMarker	function	export function parentMarker(parentId: string): string
src/application/internal/team-dispatch.ts	belongsToParent	function	export function belongsToParent(description: string, parentId: string): boolean
src/application/internal/team-dispatch.ts	ownsTeamTask	function	export function ownsTeamTask(
src/application/internal/team-dispatch.ts	isAliveMember	function	export function isAliveMember(m: TeamMemberViewLike): boolean
src/application/internal/team-dispatch.ts	ensureWorker	function	export async function ensureWorker(
src/application/internal/team-dispatch.ts	awaitTeamTask	function	export async function awaitTeamTask(
src/application/internal/terminal-disarm.ts	TERMINAL_STATUSES	const	export const TERMINAL_STATUSES: ReadonlySet<string>
src/application/internal/terminal-disarm.ts	TerminalDisarmDraft	interface	export interface TerminalDisarmDraft
src/application/internal/terminal-disarm.ts	disarmDiveOnTerminal	function	export function disarmDiveOnTerminal(
src/application/internal/token-usage.ts	captureSnapshot	function	export function captureSnapshot(deps: UseCaseDeps, windowKey: string): TokenSnapshot
src/application/internal/token-usage.ts	entrySnapshotFor	function	export function entrySnapshotFor(
src/application/internal/token-usage.ts	accumulateStageDelta	function	export function accumulateStageDelta(req: RequirementRecord, stage: StageKey, exit: TokenSnapshot): boolean
src/application/internal/token-usage.ts	beginExecutionToken	function	export function beginExecutionToken(execution: ExecutionRecord, snap: TokenSnapshot): void
src/application/internal/token-usage.ts	endExecutionToken	function	export function endExecutionToken(execution: ExecutionRecord, snap: TokenSnapshot): void
src/application/internal/token-usage.ts	OpenExecutionSpec	interface	export interface OpenExecutionSpec
src/application/internal/token-usage.ts	openExecution	function	export function openExecution(task: TaskRecord, spec: OpenExecutionSpec, snap?: TokenSnapshot): ExecutionRecord
src/application/internal/token-usage.ts	CloseExecutionsOpts	interface	export interface CloseExecutionsOpts
src/application/internal/token-usage.ts	closeExecutions	function	export function closeExecutions(task: TaskRecord, opts: CloseExecutionsOpts, snap?: TokenSnapshot): number
src/application/internal/token-usage.ts	refreshRunningExecution	function	export function refreshRunningExecution(task: TaskRecord, snap: TokenSnapshot, sessionId?: string): boolean
src/application/internal/token-usage.ts	snapshotForWindow	function	export function snapshotForWindow(deps: UseCaseDeps, windowKey?: string): TokenSnapshot | undefined
src/application/internal/token-usage.ts	safeWindowKey	function	export function safeWindowKey(deps: UseCaseDeps, exec?: unknown): string | undefined
src/application/internal/token-usage.ts	snapshotProviderFor	function	export function snapshotProviderFor(
src/application/internal/token-usage.ts	TransitionOpts	interface	export interface TransitionOpts
src/application/internal/token-usage.ts	transitionRequirement	function	export function transitionRequirement(
src/application/internal/upstream-failure.ts	FailureKind	type	export type FailureKind
src/application/internal/upstream-failure.ts	TurnEndClassification	interface	export interface TurnEndClassification
src/application/internal/upstream-failure.ts	REASON_TEXT_MAX	const	export const REASON_TEXT_MAX
src/application/internal/upstream-failure.ts	truncateReason	function	export function truncateReason(text: string, max: number
src/application/internal/upstream-failure.ts	classifyTurnEnd	function	export function classifyTurnEnd(data: unknown): TurnEndClassification
src/application/internal/upstream-failure.ts	reasonClassOf	function	export function reasonClassOf(reason: string): string
src/application/internal/verdicts.ts	VerdictInput	interface	export interface VerdictInput
src/application/internal/verdicts.ts	ApplyVerdictsResult	interface	export interface ApplyVerdictsResult
src/application/internal/verdicts.ts	VerdictError	class	export class VerdictError extends Error
src/application/internal/verdicts.ts	applyVerdicts	function	export function applyVerdicts(
src/application/internal/verdicts.ts	materializeReworkFromSheet	function	export function materializeReworkFromSheet(
src/application/internal/verification-doc-writer.ts	VerificationDocPorts	interface	export interface VerificationDocPorts
src/application/internal/verification-doc-writer.ts	rewriteVerificationDoc	function	export async function rewriteVerificationDoc(
src/application/internal/window-inherit.ts	increasedWindowTitle	function	export function increasedWindowTitle(title: string): string
src/application/internal/window-inherit.ts	normalizeWindowProfile	function	export function normalizeWindowProfile(raw: unknown): WindowSourceProfile
src/application/internal/window-inherit.ts	windowProfileFromProjectionValues	function	export function windowProfileFromProjectionValues(values: unknown): WindowSourceProfile
src/application/internal/window-inherit.ts	readWindowProfile	function	export async function readWindowProfile(
src/application/internal/window-inherit.ts	presetInheritanceOf	function	export function presetInheritanceOf(
src/application/internal/window-inherit.ts	InheritWindowArgs	interface	export interface InheritWindowArgs
src/application/internal/window-inherit.ts	applyWindowInheritance	function	export async function applyWindowInheritance(
src/application/internal/window.ts	seatsOf	function	export function seatsOf(
src/application/internal/window.ts	SeatAction	type	export type SeatAction
src/application/internal/window.ts	seatOf	function	export function seatOf(
src/application/internal/window.ts	canWrite	function	export function canWrite(seat: WindowSeat | undefined, action: SeatAction):
src/application/internal/window.ts	seatOfSummary	function	export function seatOfSummary(
src/application/internal/window.ts	firstWritableBound	function	export function firstWritableBound<T extends Pick<RequirementSummary, 'seats' | 'sourceSessionId'>>(
src/application/internal/window.ts	isWindowBound	function	export function isWindowBound(ledger: View, windowKey: string): boolean
src/application/internal/window.ts	openRequirementsForVia	function	export async function openRequirementsForVia(store: RequirementStore, windowKey: string): Promise<RequirementRecord[]>
src/application/internal/window.ts	openRequirementsFor	function	export function openRequirementsFor(ledger: View, windowKey: string): RequirementRecord[]
src/application/internal/window.ts	draftRequirementsFor	function	export function draftRequirementsFor(ledger: View, windowKey: string): RequirementRecord[]
src/application/internal/window.ts	shouldCaptureWindow	function	export function shouldCaptureWindow(ledger: View, windowKey: string): boolean
src/application/internal/window.ts	isWindowBoundFromSummaries	function	export function isWindowBoundFromSummaries(
src/application/internal/window.ts	shouldCaptureWindowFromSummaries	function	export function shouldCaptureWindowFromSummaries(
src/application/internal/window.ts	isWindowBoundFromFacts	function	export function isWindowBoundFromFacts(
src/application/internal/window.ts	shouldCaptureWindowFromFacts	function	export function shouldCaptureWindowFromFacts(
src/application/internal/window.ts	openPromptFactsFor	function	export function openPromptFactsFor(
src/application/internal/window.ts	draftPromptFactsFor	function	export function draftPromptFactsFor(
src/application/internal/window.ts	windowKeyFromContext	function	export function windowKeyFromContext(context:
src/application/internal/workflow-script.ts	WORKFLOW_HOOKS	const	export const WORKFLOW_HOOKS
src/application/internal/workflow-script.ts	WorkflowHook	type	export type WorkflowHook
src/application/internal/workflow-script.ts	stripStringLiterals	function	export function stripStringLiterals(src: string): string
src/application/internal/workflow-script.ts	assertScriptContract	function	export function assertScriptContract(script: string): void
src/application/internal/workflow-script.ts	usedHooks	function	export function usedHooks(script: string): WorkflowHook[]
src/application/internal/workflow-script.ts	SubtaskScriptInput	interface	export interface SubtaskScriptInput
src/application/internal/workflow-script.ts	generateSubtaskScript	function	export function generateSubtaskScript(input: SubtaskScriptInput): string
src/application/internal/worktree-notice.ts	deliverWorktreeNotice	function	export function deliverWorktreeNotice(
src/application/ports.ts	LedgerView	interface	export interface LedgerView
src/application/ports.ts	MutableLedger	type	export type MutableLedger
src/application/ports.ts	LedgerChange	interface	export interface LedgerChange
src/application/ports.ts	LedgerMutateResult	interface	export interface LedgerMutateResult
src/application/ports.ts	LedgerHead	interface	export interface LedgerHead
src/application/ports.ts	RequirementFilter	interface	export interface RequirementFilter
src/application/ports.ts	RequirementCounts	interface	export interface RequirementCounts
src/application/ports.ts	RequirementDraft	type	export type RequirementDraft
src/application/ports.ts	MutationOutcome	interface	export interface MutationOutcome
src/application/ports.ts	MutateResult	interface	export interface MutateResult
src/application/ports.ts	SweepResult	interface	export interface SweepResult
src/application/ports.ts	RequirementChange	interface	export interface RequirementChange
src/application/ports.ts	NewRequirement	interface	export interface NewRequirement
src/application/ports.ts	NewComment	interface	export interface NewComment
src/application/ports.ts	RequirementHistoryEntry	type	export type RequirementHistoryEntry
src/application/ports.ts	ImportedLedger	type	export type ImportedLedger
src/application/ports.ts	RequirementStore	interface	export interface RequirementStore extends RequirementReader
src/application/ports.ts	RequirementReader	interface	export interface RequirementReader
src/application/ports.ts	RequirementSummaryPage	interface	export interface RequirementSummaryPage
src/application/ports.ts	REQUIREMENT_STORE_ERROR	const	export const REQUIREMENT_STORE_ERROR
src/application/ports.ts	RequirementStoreErrorCode	type	export type RequirementStoreErrorCode
src/application/ports.ts	SETTINGS_STORE_ERROR	const	export const SETTINGS_STORE_ERROR
src/application/ports.ts	SettingsStore	interface	export interface SettingsStore
src/application/ports.ts	StoragePathPickOutcome	type	export type StoragePathPickOutcome
src/application/ports.ts	StoragePathPickerPort	interface	export interface StoragePathPickerPort
src/application/ports.ts	SystemRecordStore	interface	export interface SystemRecordStore
src/application/ports.ts	TaskChange	interface	export interface TaskChange
src/application/ports.ts	QueueMutateContext	interface	export interface QueueMutateContext
src/application/ports.ts	TaskStore	interface	export interface TaskStore
src/application/ports.ts	DocEntry	interface	export interface DocEntry
src/application/ports.ts	KbSourcePort	interface	export interface KbSourcePort
src/application/ports.ts	DocRepository	interface	export interface DocRepository
src/application/ports.ts	KbEntryDraft	interface	export interface KbEntryDraft
src/application/ports.ts	KbIndexReadResult	interface	export interface KbIndexReadResult
src/application/ports.ts	KnowledgePort	interface	export interface KnowledgePort
src/application/ports.ts	KnowledgeInjectSettings	interface	export interface KnowledgeInjectSettings
src/application/ports.ts	IdFactory	interface	export interface IdFactory
src/application/ports.ts	SessionProbe	interface	export interface SessionProbe
src/application/ports.ts	WindowOpenerPort	interface	export interface WindowOpenerPort
src/application/ports.ts	WindowInheritanceStatus	type	export type WindowInheritanceStatus
src/application/ports.ts	WindowSourceProfile	interface	export interface WindowSourceProfile
src/application/ports.ts	WindowProfileRead	interface	export interface WindowProfileRead
src/application/ports.ts	WindowModelSelection	interface	export interface WindowModelSelection
src/application/ports.ts	WindowInheritance	interface	export interface WindowInheritance
src/application/ports.ts	WindowCreateOptions	interface	export interface WindowCreateOptions
src/application/ports.ts	ProjectEntry	interface	export interface ProjectEntry
src/application/ports.ts	ProjectRegistryPort	interface	export interface ProjectRegistryPort
src/application/ports.ts	CrossWindowDeliveryPort	interface	export interface CrossWindowDeliveryPort
src/application/ports.ts	OpenWindowOutcome	type	export type OpenWindowOutcome
src/application/ports.ts	UserQuestionPort	interface	export interface UserQuestionPort
src/application/ports.ts	AskQuestion	interface	export interface AskQuestion
src/application/ports.ts	AskAnswer	interface	export interface AskAnswer
src/application/ports.ts	GatePromptPort	interface	export interface GatePromptPort
src/application/ports.ts	DeliveryResult	interface	export interface DeliveryResult
src/application/ports.ts	AgentDeliveryPort	interface	export interface AgentDeliveryPort
src/application/ports.ts	DiveRoundDeliveryPort	interface	export interface DiveRoundDeliveryPort extends AgentDeliveryPort
src/application/ports.ts	GatePostChainPort	interface	export interface GatePostChainPort
src/application/ports.ts	WorkflowRunOutcome	interface	export interface WorkflowRunOutcome
src/application/ports.ts	WorkflowStartInput	interface	export interface WorkflowStartInput
src/application/ports.ts	WorkflowRunner	interface	export interface WorkflowRunner
src/application/ports.ts	TeamTaskViewLike	interface	export interface TeamTaskViewLike
src/application/ports.ts	TeamMemberViewLike	interface	export interface TeamMemberViewLike
src/application/ports.ts	SpawnWorkerInput	interface	export interface SpawnWorkerInput
src/application/ports.ts	TeamTaskCreateInput	interface	export interface TeamTaskCreateInput
src/application/ports.ts	TeamTaskUpdateInput	interface	export interface TeamTaskUpdateInput
src/application/ports.ts	AgentTeamsPort	interface	export interface AgentTeamsPort
src/application/ports.ts	FailureAlertPort	interface	export interface FailureAlertPort
src/application/ports.ts	CaptureRejection	interface	export interface CaptureRejection
src/application/ports.ts	CaptureRejectionPort	interface	export interface CaptureRejectionPort
src/application/ports.ts	PendingConfirmPort	interface	export interface PendingConfirmPort
src/application/ports.ts	DialogInFlightRecord	interface	export interface DialogInFlightRecord
src/application/ports.ts	DialogInFlightPort	interface	export interface DialogInFlightPort
src/application/ports.ts	JobStartSpec	interface	export interface JobStartSpec
src/application/ports.ts	JobSnapshot	interface	export interface JobSnapshot
src/application/ports.ts	JobsPort	interface	export interface JobsPort
src/application/ports.ts	PythonProbeResult	interface	export interface PythonProbeResult
src/application/ports.ts	SkillWriteFile	interface	export interface SkillWriteFile
src/application/ports.ts	SkillWriteReceipt	interface	export interface SkillWriteReceipt
src/application/ports.ts	SkillAssetContent	interface	export interface SkillAssetContent
src/application/ports.ts	SkillAssetPort	interface	export interface SkillAssetPort
src/application/ports.ts	SkillInstallPort	interface	export interface SkillInstallPort
src/application/ports.ts	UseCaseDeps	interface	export interface UseCaseDeps
src/application/query/contracts.ts	PendingConfirmReadPort	interface	export interface PendingConfirmReadPort
src/application/query/contracts.ts	PanelQueryDeps	interface	export interface PanelQueryDeps
src/application/query/contracts.ts	PanelQueryInput	interface	export interface PanelQueryInput
src/application/query/contracts.ts	QueryReport	type	export type QueryReport
src/application/query/contracts.ts	QueryTrunk	type	export type QueryTrunk
src/application/query/contracts.ts	QueryDocs	type	export type QueryDocs
src/application/query/contracts.ts	QueryDag	type	export type QueryDag
src/application/query/contracts.ts	QueryDialogue	type	export type QueryDialogue
src/application/query/contracts.ts	QueryPrompts	type	export type QueryPrompts
src/application/query/contracts.ts	QueryTokenExtension	type	export type QueryTokenExtension
src/application/query/contracts.ts	QueryVerify	type	export type QueryVerify
src/application/query/contracts.ts	PanelQueries	interface	export interface PanelQueries
src/application/query/live-artifacts.ts	TASK_CARD_DOC_RE	const	export const TASK_CARD_DOC_RE
src/application/query/live-artifacts.ts	canceledIdsOf	function	export function canceledIdsOf(tasks: readonly TaskRecord[]): ReadonlySet<string>
src/application/query/live-artifacts.ts	isArtifactOfCanceledTask	function	export function isArtifactOfCanceledTask(path: string, canceledIds: ReadonlySet<string>): boolean
src/application/query/live-artifacts.ts	liveArtifactsOf	function	export function liveArtifactsOf<T extends Pick<StageArtifact, 'path'>>(
src/application/query/QueryDag.ts	buildDagNodes	function	export function buildDagNodes(
src/application/query/QueryDag.ts	buildDagSteps	function	export function buildDagSteps(tasks: readonly TaskRecord[]): DagStep[]
src/application/query/QueryDag.ts	buildCriticalPath	function	export function buildCriticalPath(tasks: readonly TaskRecord[]): string[] | undefined
src/application/query/QueryDag.ts	queryDag	function	export async function queryDag(
src/application/query/QueryDialogue.ts	DialogueSessionEventsPort	interface	export interface DialogueSessionEventsPort
src/application/query/QueryDialogue.ts	queryDialogue	const	export const queryDialogue: QueryDialogue
src/application/query/QueryDialogue.ts	buildDialogue	const	export const buildDialogue: QueryDialogue
src/application/query/QueryDocs.ts	reqDirOf	function	export function reqDirOf(requirementId: string): string
src/application/query/QueryDocs.ts	isDeliverableDocPath	function	export function isDeliverableDocPath(requirementId: string, path: string): boolean
src/application/query/QueryDocs.ts	discoveredOf	function	export function discoveredOf(
src/application/query/QueryDocs.ts	prototypeRolesFromIndexText	function	export function prototypeRolesFromIndexText(
src/application/query/QueryDocs.ts	buildGateVerdicts	function	export function buildGateVerdicts(req: RequirementRecord, tasks: readonly TaskRecord[]): GateVerdict[]
src/application/query/QueryDocs.ts	queryDocs	function	export async function queryDocs(
src/application/query/QueryPrompts.ts	toPromptInjectionRecord	function	export function toPromptInjectionRecord(entry: ReturnType<typeof toInjectionLogView>): PromptInjectionRecord
src/application/query/QueryPrompts.ts	queryPrompts	function	export async function queryPrompts(
src/application/query/QueryReport.ts	SessionArchiveReadPort	interface	export interface SessionArchiveReadPort
src/application/query/QueryReport.ts	ReportQueryDeps	type	export type ReportQueryDeps
src/application/query/QueryReport.ts	ReportTraceInput	interface	export interface ReportTraceInput
src/application/query/QueryReport.ts	buildGaps	function	export function buildGaps(
src/application/query/QueryReport.ts	buildActions	function	export function buildActions(req: RequirementRecord): ReportAction[]
src/application/query/QueryReport.ts	REPORT_COMMENT_HEAD_LIMIT	const	export const REPORT_COMMENT_HEAD_LIMIT
src/application/query/QueryReport.ts	queryReport	function	export async function queryReport(
src/application/query/QueryRequirementMarks.ts	(anonymous)	other	export type
src/application/query/QueryRequirementMarks.ts	assembleRequirementMarks	function	export async function assembleRequirementMarks(
src/application/query/QueryRequirementToken.ts	TasksView	interface	export interface TasksView
src/application/query/QueryRequirementToken.ts	(anonymous)	other	export type
src/application/query/QueryRequirementToken.ts	stageBucketsOf	function	export function stageBucketsOf(req: RequirementRecord, stage: StageKey): TokenBuckets | undefined
src/application/query/QueryRequirementToken.ts	assembleRequirementToken	function	export function assembleRequirementToken(
src/application/query/QueryRequirementToken.ts	requirementTotalTokens	function	export function requirementTotalTokens(req: RequirementRecord): number | undefined
src/application/query/QueryStageDetail.ts	TasksView	interface	export interface TasksView
src/application/query/QueryStageDetail.ts	AssembleContext	interface	export interface AssembleContext
src/application/query/QueryStageDetail.ts	assembleStageDetail	function	export function assembleStageDetail(
src/application/query/QueryStageDetail.ts	assembleStageOverview	function	export function assembleStageOverview(
src/application/query/QueryStageDetail.ts	(anonymous)	other	export type
src/application/query/QueryStageDetail.ts	queryStageDetail	function	export async function queryStageDetail(
src/application/query/QueryStageOverview.ts	queryStageOverview	function	export async function queryStageOverview(
src/application/query/QueryState.ts	queryState	function	export async function queryState(deps: UseCaseDeps, _args: unknown, exec: any): Promise<unknown>
src/application/query/QueryToken.ts	StageTokenTable	interface	export interface StageTokenTable
src/application/query/QueryToken.ts	buildStageTokenTable	function	export function buildStageTokenTable(req: RequirementRecord, tasks: readonly TaskRecord[]): StageTokenTable
src/application/query/QueryToken.ts	buildOptimizations	function	export function buildOptimizations(
src/application/query/QueryToken.ts	queryTokenExtension	function	export async function queryTokenExtension(
src/application/query/QueryTrunk.ts	TRUNK_SECTION_NAMES	const	export const TRUNK_SECTION_NAMES
src/application/query/QueryTrunk.ts	TRUNK_SECTION_ALIASES	const	export const TRUNK_SECTION_ALIASES: Record<string, readonly string[]>
src/application/query/QueryTrunk.ts	TRUNK_KEYS	const	export const TRUNK_KEYS: readonly TrunkKey[]
src/application/query/QueryTrunk.ts	SectionSlice	interface	export interface SectionSlice
src/application/query/QueryTrunk.ts	stripHeadingDecorations	function	export function stripHeadingDecorations(raw: string): string
src/application/query/QueryTrunk.ts	normalizeHeading	function	export function normalizeHeading(raw: string): string
src/application/query/QueryTrunk.ts	matchesSectionName	function	export function matchesSectionName(rawTitle: string, heading: string, level
src/application/query/QueryTrunk.ts	findSection	function	export function findSection(text: string, heading: string): SectionSlice | undefined
src/application/query/QueryTrunk.ts	extractSection	function	export function extractSection(text: string, heading: string): string | undefined
src/application/query/QueryTrunk.ts	summaryOf	function	export function summaryOf(section: SectionSlice, max: number
src/application/query/QueryTrunk.ts	TrunkDocInput	interface	export interface TrunkDocInput
src/application/query/QueryTrunk.ts	TrunkDocsInput	interface	export interface TrunkDocsInput
src/application/query/QueryTrunk.ts	TrunkTaskInput	interface	export interface TrunkTaskInput
src/application/query/QueryTrunk.ts	TrunkLedgerInput	interface	export interface TrunkLedgerInput
src/application/query/QueryTrunk.ts	AssembleTrunkInput	interface	export interface AssembleTrunkInput
src/application/query/QueryTrunk.ts	GATE_TRACE_MARKERS	const	export const GATE_TRACE_MARKERS
src/application/query/QueryTrunk.ts	gateTraces	function	export function gateTraces(ledger: TrunkLedgerInput): string[]
src/application/query/QueryTrunk.ts	changedFilesOf	function	export function changedFilesOf(tasks: readonly TrunkTaskInput[]): string[]
src/application/query/QueryTrunk.ts	buildFacts	function	export function buildFacts(ledger: TrunkLedgerInput, requirementText: string | undefined): TrunkFact[]
src/application/query/QueryTrunk.ts	buildAchievement	function	export function buildAchievement(tasks: readonly TrunkTaskInput[]): string[]
src/application/query/QueryTrunk.ts	parseHighlights	function	export function parseHighlights(section: SectionSlice): TrunkHighlight[]
src/application/query/QueryTrunk.ts	assembleTrunk	function	export function assembleTrunk(input: AssembleTrunkInput): TrunkResponse
src/application/query/QueryTrunk.ts	queryTrunk	const	export const queryTrunk: QueryTrunk
src/application/query/QueryVerify.ts	pendingCountOf	function	export function pendingCountOf(sheet: VerificationSheet | undefined): number | undefined
src/application/query/QueryVerify.ts	queryVerify	const	export const queryVerify: QueryVerify
src/application/settings/events.ts	SYSTEM_RECORD_SCHEMA_VERSION	const	export const SYSTEM_RECORD_SCHEMA_VERSION
src/application/settings/events.ts	SYSTEM_HISTORY_MAX	const	export const SYSTEM_HISTORY_MAX
src/application/settings/events.ts	SYSTEM_RECORD_FILE_REL	const	export const SYSTEM_RECORD_FILE_REL
src/application/settings/events.ts	PluginStamp	interface	export interface PluginStamp
src/application/settings/events.ts	ConfirmStamp	interface	export interface ConfirmStamp
src/application/settings/events.ts	StorePaths	interface	export interface StorePaths
src/application/settings/events.ts	ShardsSnapshot	interface	export interface ShardsSnapshot
src/application/settings/events.ts	SqliteSnapshot	interface	export interface SqliteSnapshot
src/application/settings/events.ts	StoresSnapshot	interface	export interface StoresSnapshot
src/application/settings/events.ts	ActiveBackend	interface	export interface ActiveBackend
src/application/settings/events.ts	UpgradePair	interface	export interface UpgradePair
src/application/settings/events.ts	CompatResult	interface	export interface CompatResult
src/application/settings/events.ts	SystemCounters	interface	export interface SystemCounters
src/application/settings/events.ts	SystemEvent	type	export type SystemEvent
src/application/settings/events.ts	SystemRecordV1	interface	export interface SystemRecordV1
src/application/settings/events.ts	emptySystemRecord	function	export function emptySystemRecord(input:
src/application/settings/events.ts	appendEvent	function	export function appendEvent(record: SystemRecordV1, event: SystemEvent): SystemRecordV1
src/application/settings/events.ts	withPaths	function	export function withPaths(record: SystemRecordV1, paths: StorePaths): SystemRecordV1
src/application/settings/events.ts	withStores	function	export function withStores(record: SystemRecordV1, stores: StoresSnapshot): SystemRecordV1
src/application/settings/events.ts	withCompat	function	export function withCompat(record: SystemRecordV1, compat: CompatResult): SystemRecordV1
src/application/settings/events.ts	withPlugin	function	export function withPlugin(record: SystemRecordV1, plugin:
src/application/settings/events.ts	withDroppedEvent	function	export function withDroppedEvent(record: SystemRecordV1): SystemRecordV1
src/application/settings/events.ts	staleSqliteReason	function	export function staleSqliteReason(shards: ShardsSnapshot, sqlite: SqliteSnapshot): string | undefined
src/application/settings/events.ts	startupEvent	function	export function startupEvent(input:
src/application/settings/resolve-settings.ts	StorageBackend	type	export type StorageBackend
src/application/settings/resolve-settings.ts	SettingsSource	type	export type SettingsSource
src/application/settings/resolve-settings.ts	RunSettingsFileV1	interface	export interface RunSettingsFileV1
src/application/settings/resolve-settings.ts	RunSettingsConfigInput	interface	export interface RunSettingsConfigInput
src/application/settings/resolve-settings.ts	StageLimitSetting	interface	export interface StageLimitSetting
src/application/settings/resolve-settings.ts	ResolvedStorage	interface	export interface ResolvedStorage
src/application/settings/resolve-settings.ts	SettingsProblem	interface	export interface SettingsProblem
src/application/settings/resolve-settings.ts	ResolvedRunSettings	interface	export interface ResolvedRunSettings
src/application/settings/resolve-settings.ts	RunSettingsInput	interface	export interface RunSettingsInput
src/application/settings/resolve-settings.ts	RunSettingsPatch	interface	export interface RunSettingsPatch
src/application/settings/resolve-settings.ts	ENV_STORAGE	const	export const ENV_STORAGE
src/application/settings/resolve-settings.ts	ENV_STAGE_MAX_ROUNDS	const	export const ENV_STAGE_MAX_ROUNDS
src/application/settings/resolve-settings.ts	SETTINGS_FILE_REL	const	export const SETTINGS_FILE_REL
src/application/settings/resolve-settings.ts	stageLimitInvalidReason	function	export function stageLimitInvalidReason(value: unknown): string | undefined
src/application/settings/resolve-settings.ts	stageLimitRangeText	function	export function stageLimitRangeText(): string
src/application/settings/resolve-settings.ts	EnvStageRejection	interface	export interface EnvStageRejection
src/application/settings/resolve-settings.ts	parseStageRoundsEnv	function	export function parseStageRoundsEnv(raw: string | undefined):
src/application/settings/resolve-settings.ts	resolveRunSettings	function	export function resolveRunSettings(input: RunSettingsInput
src/application/settings/resolve-settings.ts	validateRunSettingsPatch	function	export function validateRunSettingsPatch(patch: RunSettingsPatch): SettingsProblem[]
src/application/use-cases/AcceptSheet.ts	acceptSheet	function	export async function acceptSheet(deps: UseCaseDeps, args: unknown, exec: any): Promise<unknown>
src/application/use-cases/AdoptTask.ts	executeAdoptTask	function	export async function executeAdoptTask(deps: UseCaseDeps, args: unknown, exec: unknown): Promise<unknown>
src/application/use-cases/AdvanceChain.ts	AdvanceStop	type	export type AdvanceStop
src/application/use-cases/AdvanceChain.ts	AdvanceStep	interface	export interface AdvanceStep
src/application/use-cases/AdvanceChain.ts	AdvanceOutcome	interface	export interface AdvanceOutcome
src/application/use-cases/AdvanceChain.ts	ENGINE_UNREACHABLE_MARK	const	export const ENGINE_UNREACHABLE_MARK
src/application/use-cases/AdvanceChain.ts	advanceRequirement	function	export async function advanceRequirement(deps: UseCaseDeps, requirementId: string, exec?: unknown): Promise<AdvanceOutc…
src/application/use-cases/AdvanceChain.ts	scanAndResume	function	export async function scanAndResume(deps: UseCaseDeps, exec?: unknown): Promise<AdvanceOutcome[]>
src/application/use-cases/AdvanceChain.ts	inflightRequirements	function	export function inflightRequirements(): string[]
src/application/use-cases/AdvanceChain.ts	progressOf	function	export function progressOf(
src/application/use-cases/AmendArchiveManifest.ts	AmendArchiveManifestInput	interface	export interface AmendArchiveManifestInput
src/application/use-cases/AmendArchiveManifest.ts	AmendArchiveManifestResult	interface	export interface AmendArchiveManifestResult
src/application/use-cases/AmendArchiveManifest.ts	amendArchiveManifest	function	export async function amendArchiveManifest(
src/application/use-cases/AmendTaskAcceptance.ts	requestedAcceptance	function	export function requestedAcceptance(args: unknown): string | undefined
src/application/use-cases/AmendTaskAcceptance.ts	amendTaskAcceptanceIfRequested	function	export async function amendTaskAcceptanceIfRequested(
src/application/use-cases/AmendTaskRefs.ts	AmendTaskRefsInput	interface	export interface AmendTaskRefsInput
src/application/use-cases/AmendTaskRefs.ts	AmendTaskRefsResult	interface	export interface AmendTaskRefsResult
src/application/use-cases/AmendTaskRefs.ts	amendTaskRefs	function	export async function amendTaskRefs(deps: UseCaseDeps, input: AmendTaskRefsInput): Promise<AmendTaskRefsResult>
src/application/use-cases/AmendTaskRefs.ts	executeTaskRefs	function	export async function executeTaskRefs(deps: UseCaseDeps, args: unknown, exec: unknown): Promise<unknown>
src/application/use-cases/AskConfirm.ts	askConfirm	function	export async function askConfirm(deps: UseCaseDeps, args: unknown, exec: any): Promise<unknown>
src/application/use-cases/BindSeat.ts	BindableRole	type	export type BindableRole
src/application/use-cases/BindSeat.ts	BindSeatArgs	interface	export interface BindSeatArgs
src/application/use-cases/BindSeat.ts	BindSeatResult	interface	export interface BindSeatResult
src/application/use-cases/BindSeat.ts	bindSeat	function	export async function bindSeat(
src/application/use-cases/CaptureRequirement.ts	captureRequirement	function	export async function captureRequirement(deps: UseCaseDeps, args: unknown, exec: any): Promise<unknown>
src/application/use-cases/ClearPause.ts	ClearPauseArgs	interface	export interface ClearPauseArgs
src/application/use-cases/ClearPause.ts	ClearPauseResult	interface	export interface ClearPauseResult
src/application/use-cases/ClearPause.ts	clearPause	function	export async function clearPause(
src/application/use-cases/ConfirmArtifact.ts	confirmArtifact	function	export async function confirmArtifact(deps: UseCaseDeps, args: unknown, exec: any): Promise<unknown>
src/application/use-cases/ConfirmReceipt.ts	confirmReceipt	function	export async function confirmReceipt(deps: UseCaseDeps, args: unknown, exec: any): Promise<unknown>
src/application/use-cases/CreateRequirement.ts	executeCreateRequirement	function	export async function executeCreateRequirement(deps: UseCaseDeps, args: unknown, exec: any): Promise<unknown>
src/application/use-cases/Decompose.ts	executeDecompose	function	export async function executeDecompose(deps: UseCaseDeps, args: unknown, exec: any): Promise<unknown>
src/application/use-cases/DepositKnowledge.ts	ArchiveDepositInput	interface	export interface ArchiveDepositInput
src/application/use-cases/DepositKnowledge.ts	buildDepositDraft	function	export function buildDepositDraft(input: ArchiveDepositInput):
src/application/use-cases/DepositKnowledge.ts	depositArchiveKnowledge	function	export async function depositArchiveKnowledge(
src/application/use-cases/EnsureKnowledgeLayer.ts	KbEnsureReason	type	export type KbEnsureReason
src/application/use-cases/EnsureKnowledgeLayer.ts	KbEnsureResult	interface	export interface KbEnsureResult
src/application/use-cases/EnsureKnowledgeLayer.ts	KbEnsureOptions	interface	export interface KbEnsureOptions
src/application/use-cases/EnsureKnowledgeLayer.ts	ensureKnowledgeLayer	function	export async function ensureKnowledgeLayer(
src/application/use-cases/ExecuteTask.ts	SubtaskOutput	interface	export interface SubtaskOutput
src/application/use-cases/ExecuteTask.ts	parseSubtaskOutput	function	export function parseSubtaskOutput(output: unknown): SubtaskOutput
src/application/use-cases/ExecuteTask.ts	isNonEmptyValue	function	export function isNonEmptyValue(v: unknown): boolean
src/application/use-cases/ExecuteTask.ts	STAGE_SCOPE_RULE	const	export const STAGE_SCOPE_RULE: Readonly<Record<StageKind, string>>
src/application/use-cases/ExecuteTask.ts	SubtaskPromptDocs	interface	export interface SubtaskPromptDocs
src/application/use-cases/ExecuteTask.ts	buildSubtaskPrompt	function	export function buildSubtaskPrompt(
src/application/use-cases/ExecuteTask.ts	ExecuteSubtaskInput	interface	export interface ExecuteSubtaskInput
src/application/use-cases/ExecuteTask.ts	ExecuteSubtaskResult	interface	export interface ExecuteSubtaskResult
src/application/use-cases/ExecuteTask.ts	executeSubtask	function	export async function executeSubtask(deps: UseCaseDeps, input: ExecuteSubtaskInput): Promise<ExecuteSubtaskResult>
src/application/use-cases/HandleFailure.ts	FailureChoice	type	export type FailureChoice
src/application/use-cases/HandleFailure.ts	FAILURE_CHOICE_LABELS	const	export const FAILURE_CHOICE_LABELS: Readonly<Record<FailureChoice, string>>
src/application/use-cases/HandleFailure.ts	openFailurePopup	function	export async function openFailurePopup(
src/application/use-cases/HandleFailure.ts	handleFailureChoice	function	export async function handleFailureChoice(
src/application/use-cases/HandoffOwner.ts	HANDOFF_SEED_KIND	const	export const HANDOFF_SEED_KIND
src/application/use-cases/HandoffOwner.ts	DEFAULT_HANDOFF_THRESHOLDS	const	export const DEFAULT_HANDOFF_THRESHOLDS: HandoffThresholds
src/application/use-cases/HandoffOwner.ts	HandoffArgs	interface	export interface HandoffArgs
src/application/use-cases/HandoffOwner.ts	HandoffDelivery	interface	export interface HandoffDelivery
src/application/use-cases/HandoffOwner.ts	HandoffValue	interface	export interface HandoffValue
src/application/use-cases/HandoffOwner.ts	handoffRequirement	function	export async function handoffRequirement(
src/application/use-cases/InstallSkills.ts	SKILLS_ROOT_REL	const	export const SKILLS_ROOT_REL
src/application/use-cases/InstallSkills.ts	SEARCH_SCRIPT_REL	const	export const SEARCH_SCRIPT_REL
src/application/use-cases/InstallSkills.ts	InstallSkillsArgs	interface	export interface InstallSkillsArgs
src/application/use-cases/InstallSkills.ts	InstallSkillsResult	interface	export interface InstallSkillsResult
src/application/use-cases/InstallSkills.ts	executeInstallSkills	function	export async function executeInstallSkills(
src/application/use-cases/IsolateNodeContext.ts	SurfaceNode	interface	export interface SurfaceNode
src/application/use-cases/IsolateNodeContext.ts	NodeIsolationPort	interface	export interface NodeIsolationPort
src/application/use-cases/IsolateNodeContext.ts	IsolationTraceEntry	interface	export interface IsolationTraceEntry
src/application/use-cases/IsolateNodeContext.ts	IsolationTracePort	interface	export interface IsolationTracePort
src/application/use-cases/IsolateNodeContext.ts	IsolateNodeContextRequest	interface	export interface IsolateNodeContextRequest
src/application/use-cases/IsolateNodeContext.ts	IsolationStatus	type	export type IsolationStatus
src/application/use-cases/IsolateNodeContext.ts	IsolateNodeContextResult	interface	export interface IsolateNodeContextResult
src/application/use-cases/IsolateNodeContext.ts	IsolateNodeContextDeps	interface	export interface IsolateNodeContextDeps
src/application/use-cases/IsolateNodeContext.ts	isolateNodeContext	function	export async function isolateNodeContext(
src/application/use-cases/MoveRequirement.ts	transportCodeOf	function	export function transportCodeOf(internalCode: string): string
src/application/use-cases/MoveRequirement.ts	executeMoveRequirement	function	export async function executeMoveRequirement(deps: UseCaseDeps, args: unknown, exec: unknown): Promise<unknown>
src/application/use-cases/MoveTask.ts	executeMoveTask	function	export async function executeMoveTask(deps: UseCaseDeps, args: unknown, exec: unknown): Promise<unknown>
src/application/use-cases/NoteInterruption.ts	NoteInterruptionResult	interface	export interface NoteInterruptionResult
src/application/use-cases/NoteInterruption.ts	noteInterruptionCore	function	export async function noteInterruptionCore(
src/application/use-cases/NoteInterruption.ts	noteInterruption	function	export async function noteInterruption(deps: UseCaseDeps, args: unknown, exec: any): Promise<unknown>
src/application/use-cases/NoteInterruption.ts	noteInterruptionForWindow	function	export async function noteInterruptionForWindow(
src/application/use-cases/OpenWindow.ts	OpenWindowInput	interface	export interface OpenWindowInput
src/application/use-cases/OpenWindow.ts	OpenWindowValue	interface	export interface OpenWindowValue
src/application/use-cases/OpenWindow.ts	OPEN_WINDOW_SEED_KIND	const	export const OPEN_WINDOW_SEED_KIND
src/application/use-cases/OpenWindow.ts	OPEN_WINDOW_DEGRADED_NOTE	const	export const OPEN_WINDOW_DEGRADED_NOTE
src/application/use-cases/OpenWindow.ts	resolveWindowCreateOptions	function	export function resolveWindowCreateOptions(
src/application/use-cases/OpenWindow.ts	openWindow	function	export async function openWindow(
src/application/use-cases/QueryKnowledge.ts	KbQueryArgs	interface	export interface KbQueryArgs
src/application/use-cases/QueryKnowledge.ts	KbQueryItem	interface	export interface KbQueryItem
src/application/use-cases/QueryKnowledge.ts	KbQueryResult	interface	export interface KbQueryResult
src/application/use-cases/QueryKnowledge.ts	parseKbQueryArgs	function	export function parseKbQueryArgs(args: unknown): Required<Pick<KbQueryArgs, 'limit' | 'budgetChars'>> & KbQueryArgs
src/application/use-cases/QueryKnowledge.ts	executeQueryKnowledge	function	export async function executeQueryKnowledge(deps: UseCaseDeps, args: unknown): Promise<KbQueryResult>
src/application/use-cases/QueryRunStatus.ts	RunStatus	interface	export interface RunStatus
src/application/use-cases/QueryRunStatus.ts	QueryParams	interface	export interface QueryParams
src/application/use-cases/QueryRunStatus.ts	queryRunStatus	function	export async function queryRunStatus(params: QueryParams): Promise<RunStatus>
src/application/use-cases/queue-access.ts	taskStoreOf	function	export function taskStoreOf(deps: UseCaseDeps): TaskStore
src/application/use-cases/queue-access.ts	requirementStoreOf	function	export function requirementStoreOf(deps:
src/application/use-cases/queue-access.ts	readyTasksOf	function	export function readyTasksOf(tasks: readonly TaskRecord[]): TaskRecord[]
src/application/use-cases/queue-access.ts	mutateIfPresent	function	export async function mutateIfPresent(
src/application/use-cases/queue-access.ts	mutateQueue	function	export async function mutateQueue(
src/application/use-cases/queue-access.ts	createManyQueue	function	export async function createManyQueue(
src/application/use-cases/RegenerateChain.ts	executeRegenerateChain	function	export async function executeRegenerateChain(deps: UseCaseDeps, args: unknown, exec: unknown): Promise<unknown>
src/application/use-cases/ReportTask.ts	executeReportTask	function	export async function executeReportTask(deps: UseCaseDeps, args: unknown, exec: any): Promise<unknown>
src/application/use-cases/RollbackCleanup.ts	RollbackCleanupDeps	interface	export interface RollbackCleanupDeps
src/application/use-cases/RollbackCleanup.ts	RollbackCleanupResult	interface	export interface RollbackCleanupResult
src/application/use-cases/RollbackCleanup.ts	currentRollbackSeq	function	export function currentRollbackSeq(req: Pick<RequirementRecord, 'rollback'>): number
src/application/use-cases/RollbackCleanup.ts	executeRollbackCleanup	function	export async function executeRollbackCleanup(
src/application/use-cases/SubmitArchive.ts	submitArchive	function	export async function submitArchive(deps: UseCaseDeps, args: unknown, exec: any): Promise<unknown>
src/application/use-cases/SubmitArtifact.ts	submitRequirementArtifact	function	export async function submitRequirementArtifact(deps: UseCaseDeps, args: unknown, exec: any): Promise<unknown>
src/application/use-cases/SubmitArtifact.ts	submitPlanArtifact	function	export async function submitPlanArtifact(deps: UseCaseDeps, args: unknown, exec: any): Promise<unknown>
src/application/use-cases/SubmitArtifact.ts	PrototypeDocStatus	interface	export interface PrototypeDocStatus
src/application/use-cases/SubmitArtifact.ts	submitPrototypeArtifacts	function	export async function submitPrototypeArtifacts(deps: UseCaseDeps, args: unknown, exec: any): Promise<unknown>
src/application/use-cases/SubmitDesignArtifacts.ts	submitDesignArtifacts	function	export async function submitDesignArtifacts(deps: UseCaseDeps, args: unknown, exec: any): Promise<unknown>
src/application/use-cases/SubmitVerification.ts	submitVerification	function	export async function submitVerification(deps: UseCaseDeps, args: unknown, exec: any): Promise<unknown>
src/application/use-cases/SubtaskTeamRun.ts	SubtaskTeamRunInput	interface	export interface SubtaskTeamRunInput
src/application/use-cases/SubtaskTeamRun.ts	SubtaskTeamRunOutcome	interface	export interface SubtaskTeamRunOutcome
src/application/use-cases/SubtaskTeamRun.ts	teamTaskDescription	function	export function teamTaskDescription(task: TaskRecord, parent: TaskRecord, prompt: string): string
src/application/use-cases/SubtaskTeamRun.ts	buildWorkerLoopPrompt	function	export function buildWorkerLoopPrompt(parent: TaskRecord): string
src/application/use-cases/SubtaskTeamRun.ts	ensureParentTeamTasks	function	export async function ensureParentTeamTasks(
src/application/use-cases/SubtaskTeamRun.ts	runSubtaskViaTeam	function	export async function runSubtaskViaTeam(deps: UseCaseDeps, input: SubtaskTeamRunInput): Promise<SubtaskTeamRunOutcome>
src/application/use-cases/SyncRequirementMarks.ts	SyncMarksResult	interface	export interface SyncMarksResult
src/application/use-cases/SyncRequirementMarks.ts	syncRequirementMarks	function	export async function syncRequirementMarks(
src/application/use-cases/TaskTree.ts	TaskTreeNodeView	interface	export interface TaskTreeNodeView
src/application/use-cases/TaskTree.ts	TaskTreeView	interface	export interface TaskTreeView
src/application/use-cases/TaskTree.ts	TreeContextPressureView	interface	export interface TreeContextPressureView
src/application/use-cases/TaskTree.ts	TaskTreeResult	interface	export interface TaskTreeResult
src/application/use-cases/TaskTree.ts	executeTaskTree	function	export async function executeTaskTree(
src/client/api.ts	ApiError	class	export class ApiError extends Error
src/client/api.ts	KnowledgeHit	interface	export interface KnowledgeHit
src/client/api.ts	KnowledgePageLine	interface	export interface KnowledgePageLine
src/client/api.ts	KnowledgeResponse	interface	export interface KnowledgeResponse
src/client/api.ts	fetchKnowledge	function	export function fetchKnowledge(input:
src/client/api.ts	fetchRunSettings	function	export function fetchRunSettings(): Promise<import('./settings/types.ts').RunSettingsView>
src/client/api.ts	patchRunSettings	function	export function patchRunSettings(
src/client/api.ts	requestStorageAction	function	export function requestStorageAction(
src/client/api.ts	openConfigFile	function	export function openConfigFile(path: string): Promise<
src/client/api.ts	switchStorageBackend	function	export function switchStorageBackend(
src/client/api.ts	startLedgerMigration	function	export function startLedgerMigration(
src/client/api.ts	fetchSystemRecord	function	export function fetchSystemRecord(
src/client/api.ts	pickStoragePath	function	export function pickStoragePath(): Promise<
src/client/api.ts	fetchState	const	export const fetchState
src/client/api.ts	fetchRequirement	const	export const fetchRequirement
src/client/api.ts	setAutoRun	const	export const setAutoRun
src/client/api.ts	fetchInjectionInfo	function	export function fetchInjectionInfo(windowKey: string | undefined, k
src/client/api.ts	IsolationLogResponse	interface	export interface IsolationLogResponse
src/client/api.ts	fetchIsolationLog	function	export function fetchIsolationLog(windowKey: string | undefined, k
src/client/api.ts	createReq	function	export function createReq(input:
src/client/api.ts	moveReq	function	export function moveReq(input:
src/client/api.ts	updateReq	function	export function updateReq(input:
src/client/api.ts	approvePlan	function	export function approvePlan(input:
src/client/api.ts	rejectPlan	function	export function rejectPlan(input:
src/client/api.ts	RollbackCleanupResult	interface	export interface RollbackCleanupResult
src/client/api.ts	rollbackCleanup	function	export function rollbackCleanup(input:
src/client/api.ts	verifyPass	function	export function verifyPass(input:
src/client/api.ts	verifyRework	function	export function verifyRework(input:
src/client/api.ts	submitVerdicts	function	export function submitVerdicts(input:
src/client/api.ts	fetchStageDetail	function	export function fetchStageDetail(reqId: string, stage: string): Promise<StageDetail>
src/client/api.ts	fetchStageOverview	function	export function fetchStageOverview(reqId: string): Promise<StageOverview>
src/client/api.ts	fetchRequirementToken	function	export function fetchRequirementToken(reqId: string): Promise<RequirementTokenView>
src/client/api.ts	fetchReport	const	export const fetchReport
src/client/api.ts	fetchReportTrunk	const	export const fetchReportTrunk
src/client/api.ts	fetchReportDocs	const	export const fetchReportDocs
src/client/api.ts	fetchReportDag	const	export const fetchReportDag
src/client/api.ts	fetchReportDialogue	const	export const fetchReportDialogue
src/client/api.ts	fetchReportPrompts	const	export const fetchReportPrompts
src/client/api.ts	fetchReportVerify	function	export async function fetchReportVerify(id: string, sessionId?: string): Promise<PanelResult<VerifyPanelResponse>>
src/client/api.ts	TokenPanelPayload	interface	export interface TokenPanelPayload
src/client/api.ts	fetchReportToken	function	export async function fetchReportToken(id: string): Promise<TokenPanelPayload>
src/client/api.ts	fetchReportPanel	function	export function fetchReportPanel(
src/client/api.ts	fetchRequirementMarks	function	export function fetchRequirementMarks(reqId: string): Promise<RequirementMarksView>
src/client/api.ts	fetchReqFile	function	export async function fetchReqFile(path: string): Promise<string>
src/client/api.ts	DocPathVerdictView	interface	export interface DocPathVerdictView
src/client/api.ts	resolveReqDocs	function	export function resolveReqDocs(paths: string[], sessionId?: string): Promise<
src/client/api.ts	confirmArtifact	function	export function confirmArtifact(input:
src/client/api.ts	createTask	function	export function createTask(input: Record<string, unknown>): Promise<unknown>
src/client/api.ts	moveTask	function	export function moveTask(input:
src/client/api.ts	updateTask	function	export function updateTask(input: Record<string, unknown>): Promise<unknown>
src/client/api.ts	addComment	function	export function addComment(input:
src/client/api.ts	subscribeEvents	function	export function subscribeEvents(
src/client/board-entry.ts	BoardEntryFailure	type	export type BoardEntryFailure
src/client/board-entry.ts	boardEntryFailureMessage	function	export function boardEntryFailureMessage(reason: BoardEntryFailure, reqId: string, detail?: string): string
src/client/board-entry.ts	BoardEntryDeps	interface	export interface BoardEntryDeps
src/client/board-entry.ts	BoardEntryVerdict	type	export type BoardEntryVerdict
src/client/board-entry.ts	activateBoardEntry	function	export async function activateBoardEntry(reqId: string, deps: BoardEntryDeps): Promise<BoardEntryVerdict>
src/client/board-focus.ts	BoardFocusListener	type	export type BoardFocusListener
src/client/board-focus.ts	subscribeBoardFocus	function	export function subscribeBoardFocus(listener: BoardFocusListener): ()
src/client/board-focus.ts	requestBoardFocus	function	export function requestBoardFocus(reqId: string): void
src/client/board-focus.ts	takeBoardFocus	function	export function takeBoardFocus(): string | undefined
src/client/board-focus.ts	clearBoardFocus	function	export function clearBoardFocus(): void
src/client/board-focus.ts	peekBoardFocus	function	export function peekBoardFocus(): string | undefined
src/client/board-mount.ts	VerifyConfirmCopy	interface	export interface VerifyConfirmCopy
src/client/board-mount.ts	verifyConfirmCopy	function	export function verifyConfirmCopy(req: RequirementRecord | undefined): VerifyConfirmCopy
src/client/board-mount.ts	jumpResultMessage	function	export function jumpResultMessage(result: SessionJumpResult, sid: string): string
src/client/board-mount.ts	AttachBoardOptions	interface	export interface AttachBoardOptions
src/client/board-mount.ts	BoardAttachment	interface	export interface BoardAttachment
src/client/board-mount.ts	DetailDraft	interface	export interface DetailDraft
src/client/board-mount.ts	draftKeyOf	function	export function draftKeyOf(form: Element, index: number): string
src/client/board-mount.ts	setDetailTab	function	export function setDetailTab(detail: HTMLElement, tabName: string): void
src/client/board-mount.ts	commentInputOf	function	export function commentInputOf(button: Element, root: HTMLElement | undefined): HTMLInputElement | undefined
src/client/board-mount.ts	captureDetailDraft	function	export function captureDetailDraft(el: HTMLElement): DetailDraft | undefined
src/client/board-mount.ts	restoreDetailDraft	function	export function restoreDetailDraft(el: HTMLElement, draft: DetailDraft | undefined): void
src/client/board-mount.ts	applyReportSegments	function	export function applyReportSegments(container: HTMLElement, segs: ReportShellSegments): void
src/client/board-mount.ts	PanelIntent	type	export type PanelIntent
src/client/board-mount.ts	panelIntentOf	function	export function panelIntentOf(target: Element): PanelIntent | undefined
src/client/board-mount.ts	createBoardAttachment	function	export function createBoardAttachment(container: HTMLElement, options: AttachBoardOptions
src/client/board-mount.ts	attachBoard	function	export function attachBoard(container: HTMLElement, options: AttachBoardOptions
src/client/board-scroll.ts	MAX_LANES	const	export const MAX_LANES
src/client/board-scroll.ts	LaneScrollSnapshot	interface	export interface LaneScrollSnapshot
src/client/board-scroll.ts	captureBoardScroll	function	export function captureBoardScroll(root: ParentNode | undefined): void
src/client/board-scroll.ts	restoreBoardScroll	function	export function restoreBoardScroll(root: ParentNode | undefined): void
src/client/board-scroll.ts	readBoardScroll	function	export function readBoardScroll(): LaneScrollSnapshot | undefined
src/client/board-scroll.ts	_resetBoardScroll	function	export function _resetBoardScroll(): void
src/client/conversation-progress.ts	RequirementProgressProps	interface	export interface RequirementProgressProps
src/client/conversation-progress.ts	RequirementProgressAction	function	export function RequirementProgressAction(props: RequirementProgressProps): ReactNode
src/client/dag-mount.ts	tryMountDagCanvas	function	export function tryMountDagCanvas(tasks: DagTaskLike[], ready?: readonly string[], canvasId: string
src/client/dag/card-renderer.ts	RenderCardOptions	interface	export interface RenderCardOptions
src/client/dag/card-renderer.ts	roundRectPath	function	export function roundRectPath(
src/client/dag/card-renderer.ts	wrapText	function	export function wrapText(
src/client/dag/card-renderer.ts	drawChip	function	export function drawChip(
src/client/dag/card-renderer.ts	renderCard	function	export function renderCard(
src/client/dag/card-renderer.ts	cardHtml	function	export function cardHtml(task: CardData, opts?: RenderCardOptions): string
src/client/dag/card-renderer.ts	statusLabel	function	export function statusLabel(status: string): string
src/client/dag/card-types.ts	Phase	enum	export enum Phase
src/client/dag/card-types.ts	Side	enum	export enum Side
src/client/dag/card-types.ts	Role	enum	export enum Role
src/client/dag/card-types.ts	Status	enum	export enum Status
src/client/dag/card-types.ts	PHASE_COLORS	const	export const PHASE_COLORS: Record<Phase, string>
src/client/dag/card-types.ts	SIDE_COLORS	const	export const SIDE_COLORS: Record<Side, string>
src/client/dag/card-types.ts	TaskLaneKey	type	export type TaskLaneKey
src/client/dag/card-types.ts	StageColor	interface	export interface StageColor
src/client/dag/card-types.ts	STAGE_COLORS	const	export const STAGE_COLORS: Record<TaskLaneKey, StageColor>
src/client/dag/card-types.ts	CardData	interface	export interface CardData
src/client/dag/card-types.ts	QueueData	interface	export interface QueueData
src/client/dag/card-types.ts	getPhaseColor	function	export function getPhaseColor(phase: Phase): string
src/client/dag/card-types.ts	getSideColor	function	export function getSideColor(side: Side): string
src/client/dag/card-types.ts	getStatusBackgroundColor	function	export function getStatusBackgroundColor(status: Status | string): string
src/client/dag/card-types.ts	getStatusTextColor	function	export function getStatusTextColor(status: Status | string): string
src/client/dag/card-types.ts	isParentCard	function	export function isParentCard(card: CardData): boolean
src/client/dag/card-types.ts	isChildCard	function	export function isChildCard(card: CardData): boolean
src/client/dag/card-types.ts	StageKind	type	export type StageKind
src/client/dag/card-types.ts	PHASE_LABEL	const	export const PHASE_LABEL: Record<string, string>
src/client/dag/card-types.ts	SIDE_LABEL	const	export const SIDE_LABEL: Record<string, string>
src/client/dag/card-types.ts	STATUS_LABEL	const	export const STATUS_LABEL: Record<string, string>
src/client/dag/card-types.ts	DerivedTaskFields	interface	export interface DerivedTaskFields
src/client/dag/card-types.ts	deriveTaskFields	function	export function deriveTaskFields(task: CardData, allTasks: CardData[]): DerivedTaskFields
src/client/dag/critical-path.ts	DependencyEdge	interface	export interface DependencyEdge
src/client/dag/critical-path.ts	detectCycle	function	export function detectCycle(tasks: readonly CardData[]): string[] | null
src/client/dag/critical-path.ts	findCriticalPath	function	export function findCriticalPath(tasks: readonly CardData[], edges?: readonly DependencyEdge[]): Set<string>
src/client/dag/critical-path.ts	computeCriticalPath	const	export const computeCriticalPath
src/client/dag/critical-path.ts	computeNeighbors	function	export function computeNeighbors(
src/client/dag/critical-path.ts	branchCounts	function	export function branchCounts(
src/client/dag/dag-layout.ts	CARD_W	const	export const CARD_W
src/client/dag/dag-layout.ts	CARD_H	const	export const CARD_H
src/client/dag/dag-layout.ts	GAP_X	const	export const GAP_X
src/client/dag/dag-layout.ts	GAP_Y	const	export const GAP_Y
src/client/dag/dag-layout.ts	GUTTER	const	export const GUTTER
src/client/dag/dag-layout.ts	BAND_GAP	const	export const BAND_GAP
src/client/dag/dag-layout.ts	PAD	const	export const PAD
src/client/dag/dag-layout.ts	MAX_ROWS	const	export const MAX_ROWS
src/client/dag/dag-layout.ts	LayoutDir	type	export type LayoutDir
src/client/dag/dag-layout.ts	Point	interface	export interface Point
src/client/dag/dag-layout.ts	Band	interface	export interface Band
src/client/dag/dag-layout.ts	LayoutResult	interface	export interface LayoutResult
src/client/dag/dag-layout.ts	calculateLayout	function	export function calculateLayout(tasks: CardData[], dir: LayoutDir, availW: number): LayoutResult
src/client/dag/dag-layout.ts	hitTest	function	export function hitTest(layout: LayoutResult, x: number, y: number, inset: number): string | null
src/client/dag/edge-renderer.ts	Edge	interface	export interface Edge
src/client/dag/edge-renderer.ts	EDGE_DONE	const	export const EDGE_DONE
src/client/dag/edge-renderer.ts	EDGE_DONE_W	const	export const EDGE_DONE_W
src/client/dag/edge-renderer.ts	EDGE_BASE	const	export const EDGE_BASE
src/client/dag/edge-renderer.ts	EDGE_BASE_W	const	export const EDGE_BASE_W
src/client/dag/edge-renderer.ts	EDGE_CRIT	const	export const EDGE_CRIT
src/client/dag/edge-renderer.ts	EDGE_CRIT_W	const	export const EDGE_CRIT_W
src/client/dag/edge-renderer.ts	EDGE_UP	const	export const EDGE_UP
src/client/dag/edge-renderer.ts	EDGE_DOWN	const	export const EDGE_DOWN
src/client/dag/edge-renderer.ts	EDGE_HL_W	const	export const EDGE_HL_W
src/client/dag/edge-renderer.ts	EDGE_FAINT	const	export const EDGE_FAINT
src/client/dag/edge-renderer.ts	EDGE_FAINT_W	const	export const EDGE_FAINT_W
src/client/dag/edge-renderer.ts	EDGE_DONE_FAINT	const	export const EDGE_DONE_FAINT
src/client/dag/edge-renderer.ts	EDGE_DASH	const	export const EDGE_DASH: number[]
src/client/dag/edge-renderer.ts	NeighborSets	interface	export interface NeighborSets
src/client/dag/edge-renderer.ts	EdgeRenderOptions	interface	export interface EdgeRenderOptions
src/client/dag/edge-renderer.ts	Ports	interface	export interface Ports
src/client/dag/edge-renderer.ts	allocatePorts	function	export function allocatePorts(edges: Edge[], layout: LayoutResult, dir: LayoutDir): Ports
src/client/dag/edge-renderer.ts	EdgeGeometry	interface	export interface EdgeGeometry
src/client/dag/edge-renderer.ts	edgeGeometry	function	export function edgeGeometry(
src/client/dag/edge-renderer.ts	edgeStyle	function	export function edgeStyle(
src/client/dag/edge-renderer.ts	EdgeTier	type	export type EdgeTier
src/client/dag/edge-renderer.ts	edgeTiers	function	export function edgeTiers(
src/client/dag/edge-renderer.ts	resetEdgePaint	function	export function resetEdgePaint(ctx: CanvasRenderingContext2D): void
src/client/dag/edge-renderer.ts	renderEdges	function	export function renderEdges(
src/client/dag/edge-renderer.ts	edgeSvg	function	export function edgeSvg(
src/client/dag/integration.ts	DagData	interface	export interface DagData
src/client/dag/integration.ts	DagState	interface	export interface DagState
src/client/dag/integration.ts	DagRenderResult	interface	export interface DagRenderResult
src/client/dag/integration.ts	DagViewer	interface	export interface DagViewer
src/client/dag/integration.ts	resolveTasks	function	export function resolveTasks(tasks: CardData[], pool?: CardData[]): CardData[]
src/client/dag/integration.ts	createDagViewer	function	export function createDagViewer(
src/client/dag/integration.ts	ValidationIssue	interface	export interface ValidationIssue
src/client/dag/integration.ts	ValidationResult	interface	export interface ValidationResult
src/client/dag/integration.ts	validateQueueFile	function	export function validateQueueFile(queue:
src/client/dag/integration.ts	renderDagHtml	function	export function renderDagHtml(data: DagData, state: DagState): string
src/client/dag/interaction.ts	DIM_NODE_ALPHA	const	export const DIM_NODE_ALPHA
src/client/dag/interaction.ts	DIM_EDGE_ALPHA	const	export const DIM_EDGE_ALPHA
src/client/dag/interaction.ts	paintDim	function	export function paintDim(ctx: CanvasRenderingContext2D, alpha: number): void
src/client/dag/interaction.ts	Highlight	interface	export interface Highlight
src/client/dag/interaction.ts	EMPTY_HIGHLIGHT	const	export const EMPTY_HIGHLIGHT: Highlight
src/client/dag/interaction.ts	resolveHighlight	function	export function resolveHighlight(tasks: CardData[], id: string | null): Highlight
src/client/dag/interaction.ts	InteractionOptions	interface	export interface InteractionOptions
src/client/dag/interaction.ts	InteractionController	interface	export interface InteractionController
src/client/dag/interaction.ts	setupInteraction	function	export function setupInteraction(canvas: HTMLCanvasElement, opts: InteractionOptions): InteractionController
src/client/dag/interaction.ts	bindDomInteraction	function	export function bindDomInteraction(root: HTMLElement, opts: InteractionOptions): InteractionController
src/client/dag/progress-bar.ts	StageId	type	export type StageId
src/client/dag/progress-bar.ts	STAGE_ORDER	const	export const STAGE_ORDER: StageId[]
src/client/dag/progress-bar.ts	STAGE_LABEL	const	export const STAGE_LABEL: Record<string, string>
src/client/dag/progress-bar.ts	STAGE_HINT	const	export const STAGE_HINT: Record<string, string>
src/client/dag/progress-bar.ts	KidLike	interface	export interface KidLike
src/client/dag/progress-bar.ts	IN_PROGRESS_STATUSES	const	export const IN_PROGRESS_STATUSES: string[]
src/client/dag/progress-bar.ts	SegmentClass	type	export type SegmentClass
src/client/dag/progress-bar.ts	segmentClass	function	export function segmentClass(status: string): SegmentClass
src/client/dag/progress-bar.ts	SEGMENT_COLOR	const	export const SEGMENT_COLOR: Record<SegmentClass, string>
src/client/dag/progress-bar.ts	segmentColor	function	export function segmentColor(status: string): string
src/client/dag/progress-bar.ts	progressText	function	export function progressText(kids: KidLike[]): string
src/client/dag/progress-bar.ts	alignKids	function	export function alignKids(kids: KidLike[]): KidLike[]
src/client/dag/progress-bar.ts	renderProgressBar	function	export function renderProgressBar(
src/client/dag/progress-bar.ts	chainHtml	function	export function chainHtml(kids: KidLike[]): string
src/client/dag/progress-bar.ts	STAGE_LANE	const	export const STAGE_LANE: Record<string, string>
src/client/dag/progress-bar.ts	laneOf	function	export function laneOf(card:
src/client/dag/progress-bar.ts	chainMissing	function	export function chainMissing(card:
src/client/dag/progress-bar.ts	CardLevelInput	interface	export interface CardLevelInput
src/client/dag/progress-bar.ts	collapseToCardLevel	function	export function collapseToCardLevel<T extends CardLevelInput>(tasks: T[]):
src/client/dag/progress-bar.ts	esc	function	export function esc(s: unknown): string
src/client/dag/view-state.ts	DagViewSnapshot	interface	export interface DagViewSnapshot
src/client/dag/view-state.ts	MAX_ENTRIES	const	export const MAX_ENTRIES
src/client/dag/view-state.ts	readDagViewState	function	export function readDagViewState(key: string): DagViewSnapshot | undefined
src/client/dag/view-state.ts	writeDagViewState	function	export function writeDagViewState(key: string, patch: DagViewSnapshot): void
src/client/dag/view-state.ts	clearDagViewState	function	export function clearDagViewState(key: string): void
src/client/dag/view-state.ts	clearDagViewStateByPrefix	function	export function clearDagViewStateByPrefix(prefix: string): void
src/client/dag/view-state.ts	dagViewStateSize	function	export function dagViewStateSize(): number
src/client/dag/view-state.ts	_resetDagViewState	function	export function _resetDagViewState(): void
src/client/deep-link.ts	DeepLinkParse	type	export type DeepLinkParse
src/client/deep-link.ts	DeepLinkOutcome	type	export type DeepLinkOutcome
src/client/deep-link.ts	DeepLinkPorts	interface	export interface DeepLinkPorts
src/client/deep-link.ts	DeepLinkOptions	interface	export interface DeepLinkOptions
src/client/deep-link.ts	DEFAULT_MAX_ATTEMPTS	const	export const DEFAULT_MAX_ATTEMPTS
src/client/deep-link.ts	parsePmboardDeepLink	function	export function parsePmboardDeepLink(hash: string): DeepLinkParse
src/client/deep-link.ts	consumePmboardDeepLink	function	export async function consumePmboardDeepLink(
src/client/dom.ts	ENTRY_SELECTOR	const	export const ENTRY_SELECTOR
src/client/dom.ts	BOARD_VIEW_SELECTOR	const	export const BOARD_VIEW_SELECTOR
src/client/dom.ts	PANEL_NAME	const	export const PANEL_NAME
src/client/dom.ts	PANEL_ID	const	export const PANEL_ID
src/client/dom.ts	PANEL_LABEL	const	export const PANEL_LABEL
src/client/file-address.ts	sessionFileAddress	function	export function sessionFileAddress(sessionId: string, path: string): string
src/client/flow-chart-model.ts	FlowStage	interface	export interface FlowStage
src/client/flow-chart-model.ts	FLOW	const	export const FLOW: readonly FlowStage[]
src/client/flow-chart-model.ts	STATUS_LABEL	const	export const STATUS_LABEL: Readonly<Record<string, string>>
src/client/flow-chart-model.ts	FLOW_TIERS	const	export const FLOW_TIERS
src/client/flow-chart-model.ts	FlowNodeState	type	export type FlowNodeState
src/client/flow-chart-model.ts	FlowNodeModel	interface	export interface FlowNodeModel
src/client/flow-chart-model.ts	FlowChartInput	interface	export interface FlowChartInput
src/client/flow-chart-model.ts	FlowChartModel	interface	export interface FlowChartModel
src/client/flow-chart-model.ts	flowState	function	export function flowState(index: number, currentIndex: number): FlowNodeState
src/client/flow-chart-model.ts	isStageSkipped	function	export function isStageSkipped(category: string, key: string): boolean
src/client/flow-chart-model.ts	buildFlowChartModel	function	export function buildFlowChartModel(input: FlowChartInput): FlowChartModel
src/client/html.ts	esc	function	export function esc(s: unknown): string
src/client/icons.ts	ICON_VIEW_BOX	const	export const ICON_VIEW_BOX
src/client/icons.ts	ICON_STROKE_WIDTH	const	export const ICON_STROKE_WIDTH
src/client/icons.ts	TAB_ICON_SVG	const	export const TAB_ICON_SVG: Record<ReportTabKey, string>
src/client/icons.ts	GAP_DOT_SVG	const	export const GAP_DOT_SVG: Record<ReportGap['severity'], string>
src/client/index.ts	name	const	export const name
src/client/index.ts	inject	const	export const inject: string[]
src/client/index.ts	apply	function	export function apply(ctx: ApplyContext): void
src/client/injection-info.ts	InjectionInfoEntry	interface	export interface InjectionInfoEntry
src/client/injection-info.ts	InjectionInfoResponse	interface	export interface InjectionInfoResponse
src/client/injection-info.ts	hasInjectionWindow	function	export function hasInjectionWindow(sourceSessionId: string | undefined): boolean
src/client/injection-info.ts	renderInjectionInfo	function	export function renderInjectionInfo(entries: readonly InjectionInfoEntry[]): string
src/client/marks-info.ts	renderMarksPlaceholder	function	export function renderMarksPlaceholder(text: string): string
src/client/marks-info.ts	renderMarksBlock	function	export function renderMarksBlock(view: RequirementMarksView): string
src/client/node-panel-process.ts	IsolationLogEntry	interface	export interface IsolationLogEntry
src/client/node-panel-process.ts	ProcessCheck	type	export type ProcessCheck
src/client/node-panel-process.ts	ProcessActionSpec	interface	export interface ProcessActionSpec
src/client/node-panel-process.ts	StageProcessSpec	interface	export interface StageProcessSpec
src/client/node-panel-process.ts	STAGE_PROCESS	const	export const STAGE_PROCESS: Record<MainStageKey, StageProcessSpec>
src/client/node-panel-process.ts	ActionVerdict	interface	export interface ActionVerdict
src/client/node-panel-process.ts	evaluateActions	function	export function evaluateActions(payload: StageDetail, spec: StageProcessSpec): ActionVerdict[]
src/client/node-panel-process.ts	resolveFragmentRef	function	export function resolveFragmentRef(id: string):
src/client/node-panel-process.ts	canonicalPromptRefs	function	export function canonicalPromptRefs(stage: MainStageKey, category: string):
src/client/node-panel-process.ts	ProcessFoldContext	interface	export interface ProcessFoldContext
src/client/node-panel-process.ts	renderProcessFold	function	export function renderProcessFold(payload: StageDetail, ctx: ProcessFoldContext): string
src/client/node-panel-process.ts	STAGE_STATE_WORD	const	export const STAGE_STATE_WORD: Record<MainStageKey, string>
src/client/node-panel.ts	(anonymous)	other	export type
src/client/node-panel.ts	NodePanelInput	interface	export interface NodePanelInput
src/client/node-panel.ts	relSlot	function	export function relSlot(at: number): string
src/client/node-panel.ts	hydrateRelTimes	function	export function hydrateRelTimes(root: ParentNode, now: number
src/client/node-panel.ts	renderDag	function	export function renderDag(tasks: StageTaskRef[]): string
src/client/node-panel.ts	renderNodePanel	function	export function renderNodePanel(input: NodePanelInput): string
src/client/open-doc.ts	resolveCurrentSessionId	function	export function resolveCurrentSessionId(): string | undefined
src/client/open-doc.ts	setDocWorkspaceContext	function	export function setDocWorkspaceContext(
src/client/open-doc.ts	absolutizeDocPath	function	export function absolutizeDocPath(path: string): string
src/client/open-doc.ts	displayDocPath	function	export function displayDocPath(path: string): string
src/client/open-doc.ts	openDocInSidebar	function	export function openDocInSidebar(ctx: unknown, path: string, sessionId: string | undefined): boolean
src/client/page/host.ts	PanelInfoLike	interface	export interface PanelInfoLike
src/client/page/host.ts	UsePanelInfo	type	export type UsePanelInfo
src/client/page/host.ts	BoardPanelHostProps	interface	export interface BoardPanelHostProps
src/client/page/host.ts	BoardPanelHost	function	export function BoardPanelHost(props: BoardPanelHostProps
src/client/page/page-panel.ts	PAGE_PANEL_MAIN_SLOT	const	export const PAGE_PANEL_MAIN_SLOT
src/client/page/page-panel.ts	PAGE_PANEL_SIDEBAR_SLOT	const	export const PAGE_PANEL_SIDEBAR_SLOT
src/client/page/page-panel.ts	SlotRegistrar	interface	export interface SlotRegistrar
src/client/page/page-panel.ts	PagePanelSpec	interface	export interface PagePanelSpec
src/client/page/page-panel.ts	registerPagePanel	function	export function registerPagePanel(ctx:
src/client/page/page-runtime.ts	PageLayoutFace	interface	export interface PageLayoutFace
src/client/page/page-runtime.ts	setPageLayout	function	export function setPageLayout(layout: PageLayoutFace | undefined): void
src/client/page/page-runtime.ts	getPageLayout	function	export function getPageLayout(): PageLayoutFace | undefined
src/client/page/page-runtime.ts	clearPageLayout	function	export function clearPageLayout(): void
src/client/page/panel-icon.ts	PmboardPanelIconProps	interface	export interface PmboardPanelIconProps
src/client/page/panel-icon.ts	PmboardPanelIcon	function	export function PmboardPanelIcon(props: PmboardPanelIconProps): unknown
src/client/page/register.ts	PMBOARD_PAGE_ORDER	const	export const PMBOARD_PAGE_ORDER
src/client/page/register.ts	PmboardPageContext	interface	export interface PmboardPageContext
src/client/page/register.ts	registerPmboardPage	function	export function registerPmboardPage(ctx: PmboardPageContext): ()
src/client/panel-freshness.ts	NodePanelFreshness	interface	export interface NodePanelFreshness
src/client/panel-freshness.ts	BuildNotice	interface	export interface BuildNotice
src/client/panel-freshness.ts	FreshnessBarInput	interface	export interface FreshnessBarInput
src/client/panel-freshness.ts	clockText	function	export function clockText(ms: number): string
src/client/panel-freshness.ts	freshnessSpan	function	export function freshnessSpan(): string
src/client/panel-freshness.ts	hydrateFreshness	function	export function hydrateFreshness(root: ParentNode, f: NodePanelFreshness): void
src/client/panel-freshness.ts	renderFreshnessBar	function	export function renderFreshnessBar(input: FreshnessBarInput): string
src/client/panel-hydrate.ts	NodePanelHydrateInput	interface	export interface NodePanelHydrateInput
src/client/panel-hydrate.ts	hydrateNodePanel	function	export function hydrateNodePanel(root: ParentNode, input: NodePanelHydrateInput): void
src/client/panel-refresh.ts	DEFAULT_REFRESH_MS	const	export const DEFAULT_REFRESH_MS
src/client/panel-refresh.ts	DEFAULT_STALE_AFTER_MS	const	export const DEFAULT_STALE_AFTER_MS
src/client/panel-refresh.ts	MAX_ERROR_CHARS	const	export const MAX_ERROR_CHARS
src/client/panel-refresh.ts	RefreshReason	type	export type RefreshReason
src/client/panel-refresh.ts	PanelFreshness	interface	export interface PanelFreshness
src/client/panel-refresh.ts	PanelRefreshOptions	interface	export interface PanelRefreshOptions
src/client/panel-refresh.ts	PanelRefresh	interface	export interface PanelRefresh
src/client/panel-refresh.ts	PanelPolicy	interface	export interface PanelPolicy
src/client/panel-refresh.ts	DEFAULT_PANEL_POLICY	const	export const DEFAULT_PANEL_POLICY: PanelPolicy
src/client/panel-refresh.ts	parsePanelPolicy	function	export function parsePanelPolicy(raw: unknown): Partial<PanelPolicy>
src/client/panel-refresh.ts	stampMismatch	function	export function stampMismatch(clientStamp: string | undefined, serverStamp: string | undefined): boolean
src/client/panel-refresh.ts	createPanelRefresh	function	export function createPanelRefresh(opts: PanelRefreshOptions): PanelRefresh
src/client/render/dom-utils.ts	STATUS_LABELS	const	export const STATUS_LABELS: Record<RequirementStatus, string>
src/client/render/dom-utils.ts	TASK_STATUS_LABELS	const	export const TASK_STATUS_LABELS: Record<TaskStatus, string>
src/client/render/dom-utils.ts	PHASE_LABELS	const	export const PHASE_LABELS: Record<string, string>
src/client/render/dom-utils.ts	CATEGORY_LABELS	const	export const CATEGORY_LABELS: Record<string, string>
src/client/render/dom-utils.ts	LANE_STATUSES	const	export const LANE_STATUSES: readonly RequirementStatus[]
src/client/render/dom-utils.ts	windowCodeFromSessionId	function	export function windowCodeFromSessionId(sessionId: string): string
src/client/render/dom-utils.ts	fmtTime	const	export const fmtTime
src/client/render/dom-utils.ts	progress	function	export function progress(done: number, total: number): string
src/client/render/dom-utils.ts	NO_ARCHIVED	const	export const NO_ARCHIVED: ReadonlySet<string>
src/client/render/dom-utils.ts	isArchived	function	export function isArchived(sid: string, archived: ReadonlySet<string>): boolean
src/client/render/dom-utils.ts	sessionChipHtml	function	export function sessionChipHtml(opts:
src/client/render/dom-utils.ts	renderWindowChip	function	export function renderWindowChip(req: RequirementRecord, archived: ReadonlySet<string>
src/client/render/dom-utils.ts	renderRunningDot	function	export function renderRunningDot(mark?: RunningMark): string
src/client/render/dom-utils.ts	renderSessionChip	function	export function renderSessionChip(tasks: TaskRecord[], archived: ReadonlySet<string>
src/client/render/dom-utils.ts	renderMarkdown	function	export function renderMarkdown(text: string): string
src/client/render/dom-utils.ts	commentActorLabel	function	export function commentActorLabel(c: CommentRecord):
src/client/render/dom-utils.ts	renderComments	function	export function renderComments(comments: CommentRecord[] | undefined): string
src/client/render/dom-utils.ts	buildEmpty	function	export function buildEmpty(): string
src/client/render/dom-utils.ts	buildError	function	export function buildError(message: string, hint?: string): string
src/client/render/dom-utils.ts	fmtDur	function	export function fmtDur(ms: number): string
src/client/render/dom-utils.ts	isTerminal	function	export function isTerminal(status: string): boolean
src/client/render/dom-utils.ts	short	function	export function short(text: string, max: number): string
src/client/render/gate-view.ts	gatesOf	function	export function gatesOf(req: RequirementRecord): readonly GateReading[] | undefined
src/client/render/gate-view.ts	gateOf	function	export function gateOf(req: RequirementRecord, kind: string): GateReading | undefined
src/client/render/md-inline.ts	mdInlineEscaped	function	export function mdInlineEscaped(text: string): string
src/client/render/md-inline.ts	mdInline	function	export function mdInline(text: unknown): string
src/client/render/md-inline.ts	mdPlain	function	export function mdPlain(text: unknown): string
src/client/render/pagination.ts	PaginationOpts	interface	export interface PaginationOpts
src/client/render/pagination.ts	renderPagination	function	export function renderPagination(opts: PaginationOpts): string
src/client/render/subtask-view.ts	AutoBadgeKind	type	export type AutoBadgeKind
src/client/render/subtask-view.ts	AutoBadge	interface	export interface AutoBadge
src/client/render/subtask-view.ts	stageKindLabel	const	export const stageKindLabel
src/client/render/subtask-view.ts	autoBadgeOf	function	export function autoBadgeOf(req: Pick<RequirementRecord, 'autoRun' | 'advance'>): AutoBadge
src/client/render/subtask-view.ts	renderAutoBadge	function	export function renderAutoBadge(req: RequirementRecord): string
src/client/render/subtask-view.ts	subtaskChain	function	export function subtaskChain(tasks: readonly TaskRecord[], parentId: string): TaskRecord[]
src/client/render/subtask-view.ts	isParentTask	function	export function isParentTask(tasks: readonly TaskRecord[], t: TaskRecord): boolean
src/client/render/subtask-view.ts	isLegacyTask	function	export function isLegacyTask(tasks: readonly TaskRecord[], t: TaskRecord): boolean
src/client/render/subtask-view.ts	SubtaskProgress	interface	export interface SubtaskProgress
src/client/render/subtask-view.ts	subtaskProgress	function	export function subtaskProgress(tasks: readonly TaskRecord[]): SubtaskProgress
src/client/render/subtask-view.ts	progressText	function	export function progressText(p: SubtaskProgress): string
src/client/render/subtask-view.ts	renderSubtaskRow	function	export function renderSubtaskRow(t: TaskRecord): string
src/client/render/subtask-view.ts	renderSubtaskChain	function	export function renderSubtaskChain(tasks: readonly TaskRecord[], parent: TaskRecord, open
src/client/render/subtask-view.ts	renderAutoControls	function	export function renderAutoControls(req: RequirementRecord): string
src/client/req-detail-store.ts	ReqDetailEntry	type	export type ReqDetailEntry
src/client/req-detail-store.ts	ReqDetailDeps	interface	export interface ReqDetailDeps
src/client/req-detail-store.ts	ReqDetailStore	interface	export interface ReqDetailStore
src/client/req-detail-store.ts	MAX_ENTRIES	const	export const MAX_ENTRIES
src/client/req-detail-store.ts	createReqDetailStore	function	export function createReqDetailStore(deps: ReqDetailDeps): ReqDetailStore
src/client/session-jump.ts	SessionJumpResult	type	export type SessionJumpResult
src/client/session-jump.ts	UiWorkspaceFace	interface	export interface UiWorkspaceFace
src/client/session-jump.ts	SessionsServiceFace	interface	export interface SessionsServiceFace
src/client/session-jump.ts	WorkspacesServiceFace	interface	export interface WorkspacesServiceFace
src/client/session-jump.ts	SessionServiceAccess	interface	export interface SessionServiceAccess
src/client/session-jump.ts	windowServiceAccess	function	export function windowServiceAccess(): SessionServiceAccess
src/client/session-jump.ts	archivedSessionIds	function	export function archivedSessionIds(access: SessionServiceAccess
src/client/session-jump.ts	jumpToSession	function	export async function jumpToSession(access: SessionServiceAccess, sessionId: string): Promise<SessionJumpResult>
src/client/session-jump.ts	handleSessionJump	function	export async function handleSessionJump(
src/client/session-running.ts	SessionRunningAccess	type	export type SessionRunningAccess
src/client/session-running.ts	NO_RUNNING	const	export const NO_RUNNING: ReadonlySet<string>
src/client/session-running.ts	isSessionRunning	function	export function isSessionRunning(sid: string | undefined, access?: SessionRunningAccess): boolean
src/client/session-running.ts	runningSessionIds	function	export function runningSessionIds(access?: SessionRunningAccess): ReadonlySet<string>
src/client/session-running.ts	subscribeSessionRunning	function	export function subscribeSessionRunning(fn: ()
src/client/session-running.ts	RequirementSessionShape	interface	export interface RequirementSessionShape
src/client/session-running.ts	requirementRunning	function	export function requirementRunning(
src/client/session-running.ts	RunningCause	type	export type RunningCause
src/client/session-running.ts	RunningMark	interface	export interface RunningMark
src/client/session-running.ts	RequirementRunShape	interface	export interface RequirementRunShape
src/client/session-running.ts	requirementRunInFlight	function	export function requirementRunInFlight(
src/client/session-running.ts	requirementRunningMark	function	export function requirementRunningMark(
src/client/session-running.ts	requirementBusy	function	export function requirementBusy(
src/client/session-running.ts	relevantSessionIds	function	export function relevantSessionIds(reqs: readonly RequirementSessionShape[]): ReadonlySet<string>
src/client/session-running.ts	sameRunningSet	function	export function sameRunningSet(a: ReadonlySet<string>, b: ReadonlySet<string>): boolean
src/client/session-running.ts	runningAmong	function	export function runningAmong(
src/client/settings/controller-api.ts	SettingsControllerApi	interface	export interface SettingsControllerApi
src/client/settings/controller-api.ts	SettingsHost	interface	export interface SettingsHost
src/client/settings/controller.ts	SETTINGS_HOST_ATTR	const	export const SETTINGS_HOST_ATTR
src/client/settings/controller.ts	(anonymous)	other	export type
src/client/settings/controller.ts	SettingsControllerDeps	interface	export interface SettingsControllerDeps
src/client/settings/controller.ts	SettingsController	interface	export interface SettingsController
src/client/settings/controller.ts	createBodyHost	function	export function createBodyHost(actions:
src/client/settings/controller.ts	createSettingsController	function	export function createSettingsController(deps: SettingsControllerDeps): SettingsController
src/client/settings/general.ts	GeneralRow	interface	export interface GeneralRow
src/client/settings/general.ts	GeneralInput	interface	export interface GeneralInput
src/client/settings/general.ts	generalRowsOf	function	export function generalRowsOf(input: GeneralInput): readonly GeneralRow[]
src/client/settings/general.ts	openConfigCopyOf	function	export function openConfigCopyOf(input:
src/client/settings/general.ts	rebuildHintOf	function	export function rebuildHintOf(consistent: boolean): string | undefined
src/client/settings/limits.ts	LIMIT_MIN	const	export const LIMIT_MIN
src/client/settings/limits.ts	LIMIT_MAX	const	export const LIMIT_MAX
src/client/settings/limits.ts	SETTINGS_STAGES	const	export const SETTINGS_STAGES: readonly StageKey[]
src/client/settings/limits.ts	isAutomatedStage	function	export function isAutomatedStage(stage: StageKey): boolean
src/client/settings/limits.ts	stageLabel	function	export function stageLabel(stage: StageKey): string
src/client/settings/limits.ts	stageDesc	function	export function stageDesc(stage: StageKey): string
src/client/settings/limits.ts	dotClassOf	function	export function dotClassOf(stage: StageKey): string
src/client/settings/limits.ts	displaySettingsPath	function	export function displaySettingsPath(path?: string): string
src/client/settings/limits.ts	effectiveOf	function	export function effectiveOf(
src/client/settings/limits.ts	limitInvalidReason	function	export function limitInvalidReason(raw: string): string | undefined
src/client/settings/limits.ts	dirtyStages	function	export function dirtyStages(
src/client/settings/limits.ts	invalidStages	function	export function invalidStages(
src/client/settings/limits.ts	dirtyPatch	function	export function dirtyPatch(
src/client/settings/limits.ts	sourceBadge	function	export function sourceBadge(source: SettingsSource):
src/client/settings/limits.ts	COPY	const	export const COPY
src/client/settings/model.ts	SETTINGS_ACTIONS	const	export const SETTINGS_ACTIONS
src/client/settings/model.ts	SettingsAction	type	export type SettingsAction
src/client/settings/model.ts	SETTINGS_PANES	const	export const SETTINGS_PANES: readonly
src/client/settings/model.ts	paneLabel	function	export function paneLabel(pane: SettingsPane): string
src/client/settings/model.ts	SettingsShellState	interface	export interface SettingsShellState
src/client/settings/model.ts	initialShellState	function	export function initialShellState(): SettingsShellState
src/client/settings/model.ts	SettingsShellEvent	type	export type SettingsShellEvent
src/client/settings/model.ts	reduceShell	function	export function reduceShell(state: SettingsShellState, event: SettingsShellEvent): SettingsShellState
src/client/settings/model.ts	nextFocusIndex	function	export function nextFocusIndex(current: number, count: number, shift: boolean): number
src/client/settings/model.ts	badgeOf	function	export function badgeOf(source: SettingsSource):
src/client/settings/model.ts	whenText	function	export function whenText(effective: StorageBackend, restartRequired: boolean): string
src/client/settings/model.ts	OpenConfigIntent	type	export type OpenConfigIntent
src/client/settings/model.ts	systemFilePathOf	function	export function systemFilePathOf(state: SettingsShellState): string | undefined
src/client/settings/model.ts	openConfigIntent	function	export function openConfigIntent(state: SettingsShellState): OpenConfigIntent
src/client/settings/model.ts	openConfigBadge	function	export function openConfigBadge(state: SettingsShellState): string
src/client/settings/model.ts	canOpenConfig	function	export function canOpenConfig(state: SettingsShellState): boolean
src/client/settings/model.ts	openConfigHint	function	export function openConfigHint(state: SettingsShellState): string
src/client/settings/model.ts	unknownActions	function	export function unknownActions(actions: readonly string[]): string[]
src/client/settings/records.ts	Tone	type	export type Tone
src/client/settings/records.ts	TimelineEntry	interface	export interface TimelineEntry
src/client/settings/records.ts	PathRow	interface	export interface PathRow
src/client/settings/records.ts	CompatView	interface	export interface CompatView
src/client/settings/records.ts	DroppedRow	interface	export interface DroppedRow
src/client/settings/records.ts	RecordsMode	type	export type RecordsMode
src/client/settings/records.ts	RecordsPaneModel	interface	export interface RecordsPaneModel
src/client/settings/records.ts	timelineOf	function	export function timelineOf(record: SystemRecordView | undefined): readonly TimelineEntry[]
src/client/settings/records.ts	pathArchiveOf	function	export function pathArchiveOf(record: SystemRecordView | undefined): readonly PathRow[]
src/client/settings/records.ts	compatOf	function	export function compatOf(record: SystemRecordView | undefined): CompatView
src/client/settings/records.ts	stalenessTextOf	function	export function stalenessTextOf(stores: SystemStoresView | undefined): string | undefined
src/client/settings/records.ts	storesOfRecord	function	export function storesOfRecord(record: SystemRecordView | undefined): SystemStoresView | undefined
src/client/settings/records.ts	droppedRowsOf	function	export function droppedRowsOf(summary: SystemSummaryView | undefined): readonly DroppedRow[]
src/client/settings/records.ts	invalidTextOf	function	export function invalidTextOf(summary: SystemSummaryView | undefined): string | undefined
src/client/settings/records.ts	RecordsInput	interface	export interface RecordsInput
src/client/settings/records.ts	recordsPaneModelOf	function	export function recordsPaneModelOf(input: RecordsInput): RecordsPaneModel
src/client/settings/records.ts	makeSystemRecordLoader	function	export function makeSystemRecordLoader(input:
src/client/settings/render/general.ts	GeneralPaneInput	interface	export interface GeneralPaneInput
src/client/settings/render/general.ts	buildGeneralPane	function	export function buildGeneralPane(input: GeneralPaneInput): string
src/client/settings/render/limits.ts	LimitsPaneInput	interface	export interface LimitsPaneInput
src/client/settings/render/limits.ts	LIMIT_INPUT_ROLE	const	export const LIMIT_INPUT_ROLE
src/client/settings/render/limits.ts	buildLimitsPane	function	export function buildLimitsPane(input: LimitsPaneInput): string
src/client/settings/render/parts.ts	esc	function	export function esc(text: string): string
src/client/settings/render/parts.ts	NoticeKind	type	export type NoticeKind
src/client/settings/render/parts.ts	noticeHtml	function	export function noticeHtml(kind: NoticeKind, inner: string): string
src/client/settings/render/parts.ts	paneTitleHtml	function	export function paneTitleHtml(title: string, sub?: string): string
src/client/settings/render/parts.ts	groupHtml	function	export function groupHtml(inner: string, title?: string): string
src/client/settings/render/parts.ts	groupTitleHtml	function	export function groupTitleHtml(title: string, sub?: string): string
src/client/settings/render/parts.ts	groupBoxHtml	function	export function groupBoxHtml(inner: string, headHtml: string): string
src/client/settings/render/parts.ts	dotHtml	function	export function dotHtml(colorCls: string): string
src/client/settings/render/parts.ts	labeledCellHtml	function	export function labeledCellHtml(colorCls: string, name: string, sub: readonly string[]): string
src/client/settings/render/parts.ts	monoHtml	function	export function monoHtml(text: string): string
src/client/settings/render/parts.ts	kvHtml	function	export function kvHtml(rows: readonly
src/client/settings/render/records.ts	buildRecordsPane	function	export function buildRecordsPane(model: RecordsPaneModel): string
src/client/settings/render/shell.ts	SHELL_ID	const	export const SHELL_ID
src/client/settings/render/shell.ts	buildPanePlaceholder	function	export function buildPanePlaceholder(pane: SettingsPane): string
src/client/settings/render/shell.ts	buildSettingsShell	function	export function buildSettingsShell(state: SettingsShellState): string
src/client/settings/render/shell.ts	actionsInHtml	function	export function actionsInHtml(html: string): string[]
src/client/settings/render/storage.ts	StoragePaneInput	interface	export interface StoragePaneInput
src/client/settings/render/storage.ts	buildStoragePane	function	export function buildStoragePane(input: StoragePaneInput): string
src/client/settings/render/storage.ts	stepLabels	function	export function stepLabels(): string[]
src/client/settings/render/storage.ts	actionOf	function	export function actionOf(backend: 'json' | 'sqlite'): StorageActionKind
src/client/settings/singleton.ts	BoardSettingsDeps	interface	export interface BoardSettingsDeps
src/client/settings/singleton.ts	configureBoardSettings	function	export function configureBoardSettings(next: BoardSettingsDeps): void
src/client/settings/singleton.ts	boardSettingsApi	function	export function boardSettingsApi():
src/client/settings/singleton.ts	openBoardSettings	function	export function openBoardSettings(pane?: SettingsPane): void
src/client/settings/singleton.ts	disposeBoardSettings	function	export function disposeBoardSettings(): void
src/client/settings/singleton.ts	boardSettingsOpen	function	export function boardSettingsOpen(): boolean
src/client/settings/storage-path.ts	StoragePathDeps	interface	export interface StoragePathDeps
src/client/settings/storage-path.ts	STORAGE_PATH_ROLE	const	export const STORAGE_PATH_ROLE
src/client/settings/storage-path.ts	STORAGE_PATH_SAVE	const	export const STORAGE_PATH_SAVE
src/client/settings/storage-path.ts	STORAGE_PATH_CANCEL	const	export const STORAGE_PATH_CANCEL
src/client/settings/storage-path.ts	STORAGE_PATH_PICK	const	export const STORAGE_PATH_PICK
src/client/settings/storage-path.ts	attachStoragePathEditor	function	export function attachStoragePathEditor(host: HostLike, deps: StoragePathDeps): void
src/client/settings/storage.ts	StorageActionKind	type	export type StorageActionKind
src/client/settings/storage.ts	MigrationPhase	type	export type MigrationPhase
src/client/settings/storage.ts	StepStatus	type	export type StepStatus
src/client/settings/storage.ts	MigrationStep	interface	export interface MigrationStep
src/client/settings/storage.ts	MIGRATION_STEPS	const	export const MIGRATION_STEPS: readonly
src/client/settings/storage.ts	MigrationFacts	interface	export interface MigrationFacts
src/client/settings/storage.ts	migrationSteps	function	export function migrationSteps(facts: MigrationFacts): MigrationStep[]
src/client/settings/storage.ts	migrationFactsOf	function	export function migrationFactsOf(system:
src/client/settings/storage.ts	actionForBackend	function	export function actionForBackend(target: StorageBackend): StorageActionKind
src/client/settings/storage.ts	impactLines	function	export function impactLines(action: StorageActionKind, ctx:
src/client/settings/storage.ts	actionTitle	function	export function actionTitle(action: StorageActionKind): string
src/client/settings/storage.ts	storageErrorCopy	function	export function storageErrorCopy(code: string | undefined, message: string): string
src/client/settings/storage.ts	shouldClearTicketOnError	function	export function shouldClearTicketOnError(_code: string | undefined): boolean
src/client/settings/storage.ts	ticketExpired	function	export function ticketExpired(ticket:
src/client/settings/storage.ts	backendName	function	export function backendName(backend: StorageBackend): string
src/client/settings/storage.ts	alreadyActiveHint	function	export function alreadyActiveHint(settings: StorageSettingsView | undefined, target: StorageBackend): string | undefined
src/client/settings/storage.ts	sourceLabel	function	export function sourceLabel(source: SettingsSource): string
src/client/settings/storage.ts	STORAGE_COPY	const	export const STORAGE_COPY
src/client/settings/storage.ts	BACKEND_SEG	const	export const BACKEND_SEG: readonly
src/client/settings/storage.ts	SOURCE_CHAIN_TEXT	const	export const SOURCE_CHAIN_TEXT
src/client/settings/storage.ts	AGENT_SUB_TEXT	const	export const AGENT_SUB_TEXT
src/client/settings/storage.ts	MIGRATION_STEPS_PLAIN	const	export const MIGRATION_STEPS_PLAIN
src/client/settings/storage.ts	whenTextOf	function	export function whenTextOf(s: StorageSettingsView | undefined): string
src/client/settings/storage.ts	restartNoticeText	function	export function restartNoticeText(effective: StorageBackend | undefined, target: StorageBackend | undefined): string
src/client/settings/storage.ts	AGENT_HINT_INTRO	const	export const AGENT_HINT_INTRO
src/client/settings/storage.ts	manualMigrateCommand	function	export function manualMigrateCommand(paths:
src/client/settings/storage.ts	oldLibNoticeText	function	export function oldLibNoticeText(oldCount: number | undefined, shardCount: number | undefined): string
src/client/settings/storage.ts	refuseNoticeText	function	export function refuseNoticeText(shardCount: number | undefined): string
src/client/settings/storage.ts	ROLLBACK_TIP_TEXT	const	export const ROLLBACK_TIP_TEXT
src/client/settings/storage.ts	healthLinesOf	function	export function healthLinesOf(input:
src/client/settings/types.ts	StageKey	type	export type StageKey
src/client/settings/types.ts	StorageBackend	type	export type StorageBackend
src/client/settings/types.ts	SettingsSource	type	export type SettingsSource
src/client/settings/types.ts	SettingsPane	type	export type SettingsPane
src/client/settings/types.ts	StageLimitView	interface	export interface StageLimitView
src/client/settings/types.ts	StorageSettingsView	interface	export interface StorageSettingsView
src/client/settings/types.ts	PluginStampView	interface	export interface PluginStampView
src/client/settings/types.ts	SystemStoresView	interface	export interface SystemStoresView
src/client/settings/types.ts	SystemSummaryView	interface	export interface SystemSummaryView
src/client/settings/types.ts	SettingsFileView	interface	export interface SettingsFileView
src/client/settings/types.ts	RunSettingsView	interface	export interface RunSettingsView
src/client/settings/types.ts	SystemRecordInvalidView	interface	export interface SystemRecordInvalidView
src/client/settings/types.ts	SystemRecordView	interface	export interface SystemRecordView
src/client/settings/types.ts	StorageSwitchResult	interface	export interface StorageSwitchResult
src/client/settings/types.ts	MigrationStartResult	interface	export interface MigrationStartResult
src/client/settings/types.ts	StorageActionTicket	interface	export interface StorageActionTicket
src/client/stage-panel.ts	STAGE_LABELS	const	export const STAGE_LABELS: Record<MainStageKey, string>
src/client/stage-panel.ts	StageRowState	type	export type StageRowState
src/client/stage-panel.ts	topoLevels	function	export function topoLevels<T extends
src/client/stage-panel.ts	StageRenderers	const	export const StageRenderers: Record<MainStageKey,
src/client/stage-panel.ts	stageHeadSummary	function	export function stageHeadSummary(payload: StageDetail): string | undefined
src/client/stage-panel.ts	StagePanelOptions	interface	export interface StagePanelOptions
src/client/stage-panel.ts	renderStagePanel	function	export function renderStagePanel(payload: StageDetail, opts: StagePanelOptions
src/client/stage-panel.ts	stageRowState	function	export function stageRowState(ov: StageOverview, stage: StageKey): StageRowState
src/client/stage-panel.ts	renderStageNode	function	export function renderStageNode(ov: StageOverview, stage: StageKey): string
src/client/stage-panel.ts	isStageSkippedForCategory	function	export function isStageSkippedForCategory(category: string | undefined, stage: StageKey): boolean
src/client/stage-panel.ts	getStagesForCategory	function	export function getStagesForCategory(category: string | undefined): readonly StageKey[]
src/client/styles.ts	injectStyles	function	export function injectStyles(): void
src/client/styles/base.ts	BASE_CSS	const	export const BASE_CSS
src/client/styles/board.ts	BOARD_CSS	const	export const BOARD_CSS
src/client/styles/dag.ts	DAG_CSS	const	export const DAG_CSS
src/client/styles/detail.ts	DETAIL_CSS	const	export const DETAIL_CSS
src/client/styles/files.ts	FILES_CSS	const	export const FILES_CSS
src/client/styles/marks.ts	MARKS_CSS	const	export const MARKS_CSS
src/client/styles/node-panel.ts	NODE_PANEL_CSS	const	export const NODE_PANEL_CSS
src/client/styles/panel.ts	PANEL_CSS	const	export const PANEL_CSS
src/client/styles/report.ts	REPORT_CSS	const	export const REPORT_CSS
src/client/styles/settings.ts	SETTINGS_CSS	const	export const SETTINGS_CSS
src/client/styles/subtask.ts	SUBTASK_CSS	const	export const SUBTASK_CSS
src/client/styles/token.ts	TOKEN_CSS	const	export const TOKEN_CSS
src/client/styles/traceability.ts	TRACEABILITY_CSS	const	export const TRACEABILITY_CSS
src/client/token-info.ts	TokenRowInput	interface	export interface TokenRowInput
src/client/token-info.ts	TokenPanelView	interface	export interface TokenPanelView
src/client/token-info.ts	renderTokenPanel	function	export function renderTokenPanel(data: unknown): string
src/client/token-info.ts	renderTokenTab	function	export function renderTokenTab(view: TokenPanelView): string
src/client/token-info.ts	renderTokenPlaceholder	function	export function renderTokenPlaceholder(text: string): string
src/client/toolviews/biz-row.ts	BizCard	interface	export interface BizCard
src/client/toolviews/biz-row.ts	BizRowProps	interface	export interface BizRowProps
src/client/toolviews/biz-row.ts	FallbackRow	function	export function FallbackRow(
src/client/toolviews/biz-row.ts	makeBizRow	function	export function makeBizRow(card: BizCard)
src/client/toolviews/index.ts	BIZ_CARDS	const	export const BIZ_CARDS: readonly BizCard[]
src/client/toolviews/index.ts	registerBizToolviews	function	export function registerBizToolviews(slots: SlotsLike): number
src/client/toolviews/rows/ask-confirm.ts	askConfirmSummarize	const	export const askConfirmSummarize: CardSummarize
src/client/toolviews/rows/ask-confirm.ts	askConfirmCard	const	export const askConfirmCard: BizCard
src/client/toolviews/rows/capture.ts	captureSummarize	const	export const captureSummarize: CardSummarize
src/client/toolviews/rows/capture.ts	captureCard	const	export const captureCard: BizCard
src/client/toolviews/rows/decision-audit.ts	decisionAuditSummarize	const	export const decisionAuditSummarize: CardSummarize
src/client/toolviews/rows/decision-audit.ts	decisionAuditCard	const	export const decisionAuditCard: BizCard
src/client/toolviews/rows/memory-write.ts	memoryWriteSummarize	const	export const memoryWriteSummarize: CardSummarize
src/client/toolviews/rows/memory-write.ts	memoryWriteCard	const	export const memoryWriteCard: BizCard
src/client/toolviews/rows/status.ts	statusSummarize	const	export const statusSummarize: CardSummarize
src/client/toolviews/rows/status.ts	statusCard	const	export const statusCard: BizCard
src/client/toolviews/rows/submit.ts	submitSummarize	const	export const submitSummarize: CardSummarize
src/client/toolviews/rows/submit.ts	submitCard	const	export const submitCard: BizCard
src/client/toolviews/rows/task-move.ts	taskMoveSummarize	const	export const taskMoveSummarize: CardSummarize
src/client/toolviews/rows/task-move.ts	taskMoveCard	const	export const taskMoveCard: BizCard
src/client/toolviews/rows/trade.ts	tradeSummarize	const	export const tradeSummarize: CardSummarize
src/client/toolviews/rows/trade.ts	tradeCard	const	export const tradeCard: BizCard
src/client/toolviews/rows/watch-manage.ts	watchSummarize	const	export const watchSummarize: CardSummarize
src/client/toolviews/rows/watch-manage.ts	watchCard	const	export const watchCard: BizCard
src/client/toolviews/shared.ts	RunningBlock	interface	export interface RunningBlock
src/client/toolviews/shared.ts	SettledBlock	interface	export interface SettledBlock
src/client/toolviews/shared.ts	ToolBlock	type	export type ToolBlock
src/client/toolviews/shared.ts	isSettled	function	export function isSettled(block: ToolBlock): block is SettledBlock
src/client/toolviews/shared.ts	argsRawOf	function	export function argsRawOf(block: ToolBlock): string
src/client/toolviews/shared.ts	parseArgs	function	export function parseArgs(argsRaw: string): Record<string, unknown> | undefined
src/client/toolviews/shared.ts	resultText	function	export function resultText(block: ToolBlock): string
src/client/toolviews/shared.ts	resultJson	function	export function resultJson(block: ToolBlock): Record<string, unknown> | undefined
src/client/toolviews/shared.ts	resultHeadline	function	export function resultHeadline(block: ToolBlock): string
src/client/toolviews/shared.ts	firstLine	function	export function firstLine(text: string): string
src/client/toolviews/shared.ts	strOf	function	export function strOf(obj: Record<string, unknown> | undefined, key: string): string | undefined
src/client/toolviews/shared.ts	numOf	function	export function numOf(obj: Record<string, unknown> | undefined, key: string): number | undefined
src/client/toolviews/shared.ts	PM_TOOL_BADGE	const	export const PM_TOOL_BADGE
src/client/toolviews/shared.ts	REQ_FLOW	const	export const REQ_FLOW: ReadonlyArray<
src/client/toolviews/shared.ts	ERROR_CATEGORY	const	export const ERROR_CATEGORY: Readonly<Record<string, string>>
src/client/toolviews/shared.ts	TimelineEntry	interface	export interface TimelineEntry
src/client/toolviews/shared.ts	formatTimeline	function	export function formatTimeline(entries: readonly TimelineEntry[] | undefined, k: number): string
src/client/toolviews/shared.ts	TASK_MOVE_TO	const	export const TASK_MOVE_TO: Readonly<Record<string, string>>
src/client/toolviews/shared.ts	AUDIT_ACTION	const	export const AUDIT_ACTION: Readonly<Record<string, string>>
src/client/toolviews/shared.ts	WATCH_ACTION	const	export const WATCH_ACTION: Readonly<Record<string, string>>
src/client/toolviews/shared.ts	TRADE_ACTION	const	export const TRADE_ACTION: Readonly<Record<string, string>>
src/client/toolviews/shared.ts	cnLabel	function	export function cnLabel(map: Readonly<Record<string, string>>, key: string | undefined): string | undefined
src/client/toolviews/shared.ts	CardSummary	interface	export interface CardSummary
src/client/toolviews/shared.ts	CardSummarize	type	export type CardSummarize
src/client/toolviews/shared.ts	FallbackModel	interface	export interface FallbackModel
src/client/toolviews/shared.ts	fallbackModel	function	export function fallbackModel(toolName: string, block: ToolBlock): FallbackModel
src/client/traceability-handler.ts	coverageKeyOf	function	export function coverageKeyOf(stage: string | undefined, o: Record<string, unknown>): CoverageKey | undefined
src/client/traceability-handler.ts	toCoverageContainer	function	export function toCoverageContainer(raw: unknown, stage: string | undefined): CoverageData | undefined
src/client/traceability-handler.ts	initTraceabilityInteraction	function	export function initTraceabilityInteraction(
src/client/traceability-handler.ts	updateTraceabilityView	function	export function updateTraceabilityView(stageDetail: any, container: HTMLElement): void
src/client/types.ts	(anonymous)	other	export type
src/client/types.ts	RequirementStatus	type	export type RequirementStatus
src/client/types.ts	RequirementCategory	type	export type RequirementCategory
src/client/types.ts	ActorRef	interface	export interface ActorRef
src/client/types.ts	CommentRecord	interface	export interface CommentRecord
src/client/types.ts	StatusEvent	interface	export interface StatusEvent
src/client/types.ts	PlanTask	interface	export interface PlanTask
src/client/types.ts	PlanRecord	interface	export interface PlanRecord
src/client/types.ts	AcceptanceOverride	interface	export interface AcceptanceOverride
src/client/types.ts	VerificationRecord	interface	export interface VerificationRecord
src/client/types.ts	VerificationItem	interface	export interface VerificationItem
src/client/types.ts	VerificationSheet	interface	export interface VerificationSheet
src/client/types.ts	ArchiveDoc	interface	export interface ArchiveDoc
src/client/types.ts	ManualUpdate	interface	export interface ManualUpdate
src/client/types.ts	ArchiveRecord	interface	export interface ArchiveRecord
src/client/types.ts	ClientWindowSeat	interface	export interface ClientWindowSeat
src/client/types.ts	RequirementRecord	interface	export interface RequirementRecord
src/client/types.ts	TaskStatus	type	export type TaskStatus
src/client/types.ts	TaskPhase	type	export type TaskPhase
src/client/types.ts	TaskSide	type	export type TaskSide
src/client/types.ts	ExecutionRecord	interface	export interface ExecutionRecord
src/client/types.ts	TaskRecord	interface	export interface TaskRecord
src/client/types.ts	RequirementSummary	interface	export interface RequirementSummary
src/client/types.ts	BoardState	interface	export interface BoardState
src/client/types.ts	ReqCard	interface	export interface ReqCard
src/client/types.ts	GateReading	interface	export interface GateReading
src/client/use-panel-refresh.ts	PanelRefreshView	interface	export interface PanelRefreshView
src/client/use-panel-refresh.ts	UsePanelRefreshOptions	interface	export interface UsePanelRefreshOptions
src/client/use-panel-refresh.ts	usePanelRefresh	function	export function usePanelRefresh(opts: UsePanelRefreshOptions): PanelRefreshView
src/client/view.ts	(anonymous)	other	export type
src/client/views/artifacts.ts	currentGateKind	function	export function currentGateKind(req: RequirementRecord): ArtifactKind | undefined
src/client/views/artifacts.ts	renderArtifactChips	function	export function renderArtifactChips(req: RequirementRecord): string
src/client/views/artifacts.ts	renderConfirmButton	function	export function renderConfirmButton(req: RequirementRecord): string
src/client/views/artifacts.ts	renderArtifactDerived	function	export function renderArtifactDerived(req: RequirementRecord): string
src/client/views/artifacts.ts	renderReqCard	function	export function renderReqCard(card: ReqCard, now: number, archived: ReadonlySet<string>
src/client/views/artifacts.ts	cardActions	function	export function cardActions(req: RequirementRecord): string
src/client/views/artifacts.ts	renderCardTime	function	export function renderCardTime(req: RequirementRecord, now: number): string
src/client/views/artifacts.ts	planChip	function	export function planChip(req: RequirementRecord): string
src/client/views/artifacts.ts	renderPlanSection	function	export function renderPlanSection(req: RequirementRecord): string
src/client/views/board.ts	toReqCards	function	export function toReqCards(state: BoardState): ReqCard[]
src/client/views/board.ts	toTerminalCards	function	export function toTerminalCards(state: BoardState): ReqCard[]
src/client/views/board.ts	ARCHIVED_CHIPS_MAX	const	export const ARCHIVED_CHIPS_MAX
src/client/views/board.ts	renderArchivedBar	function	export function renderArchivedBar(cards: readonly ReqCard[], limit: number
src/client/views/board.ts	BoardViewKind	type	export type BoardViewKind
src/client/views/board.ts	buildBoard	function	export function buildBoard(
src/client/views/board.ts	ListSortKey	type	export type ListSortKey
src/client/views/board.ts	ListSortDir	type	export type ListSortDir
src/client/views/board.ts	LIST_PAGE_SIZES	const	export const LIST_PAGE_SIZES: readonly number[]
src/client/views/board.ts	LIST_PAGE_SIZE_DEFAULT	const	export const LIST_PAGE_SIZE_DEFAULT
src/client/views/board.ts	defaultListDirFor	function	export function defaultListDirFor(key: ListSortKey): ListSortDir
src/client/views/board.ts	LIST_SORT_LABELS	const	export const LIST_SORT_LABELS: ReadonlyArray<
src/client/views/board.ts	STAGE_RANK	const	export const STAGE_RANK: Record<string, number>
src/client/views/board.ts	listPct	function	export function listPct(card: ReqCard): number
src/client/views/board.ts	listComparator	function	export function listComparator(key: ListSortKey): (a: ReqCard, b: ReqCard)
src/client/views/board.ts	ListViewOpts	interface	export interface ListViewOpts
src/client/views/board.ts	buildListView	function	export function buildListView(
src/client/views/board.ts	renderListToolbar	function	export function renderListToolbar(
src/client/views/board.ts	renderListCard	function	export function renderListCard(card: ReqCard, now: number, archived: ReadonlySet<string>
src/client/views/dag-view.ts	PANEL_DAG_CONTAINER_ID	const	export const PANEL_DAG_CONTAINER_ID
src/client/views/dag-view.ts	PANEL_DAG_CANVAS_ID	const	export const PANEL_DAG_CANVAS_ID
src/client/views/dag-view.ts	DagTaskLike	interface	export interface DagTaskLike
src/client/views/dag-view.ts	DagPanelData	interface	export interface DagPanelData
src/client/views/dag-view.ts	reduceEdges	function	export function reduceEdges(nodes: readonly string[], edges: readonly Edge[]): Edge[]
src/client/views/dag-view.ts	buildDagData	function	export function buildDagData(tasks: DagTaskLike[], ready?: readonly string[]): DagPanelData
src/client/views/dag-view.ts	buildDagCanvas	function	export function buildDagCanvas(tasks: DagTaskLike[], containerId: string
src/client/views/dag-view.ts	MountDagOptions	interface	export interface MountDagOptions
src/client/views/dag-view.ts	DEFAULT_DAG_STATE	const	export const DEFAULT_DAG_STATE: DagState
src/client/views/dag-view.ts	mountDagCanvas	function	export function mountDagCanvas(tasks: DagTaskLike[], ready?: readonly string[], canvasId: string
src/client/views/detail-states.ts	buildDetailLoading	function	export function buildDetailLoading(reqId: string): string
src/client/views/detail-states.ts	buildDetailMissing	function	export function buildDetailMissing(reqId: string, message: string): string
src/client/views/detail-states.ts	buildDetailError	function	export function buildDetailError(reqId: string, message: string, hint?: string): string
src/client/views/panels/dag.ts	DAG_PANEL_CANVAS_ID	const	export const DAG_PANEL_CANVAS_ID
src/client/views/panels/dag.ts	dagPanel	const	export const dagPanel: ReportTabDef
src/client/views/panels/dialogue.ts	DialogueMessage	type	export type DialogueMessage
src/client/views/panels/dialogue.ts	LoadedDialogue	interface	export interface LoadedDialogue
src/client/views/panels/dialogue.ts	readDialogue	function	export function readDialogue(data: unknown): LoadedDialogue | undefined
src/client/views/panels/dialogue.ts	orderDialogue	function	export function orderDialogue(items: readonly DialogueMessage[]): DialogueMessage[]
src/client/views/panels/dialogue.ts	DIALOGUE_PAGE_SIZE	const	export const DIALOGUE_PAGE_SIZE
src/client/views/panels/dialogue.ts	isLongDialogueText	const	export const isLongDialogueText
src/client/views/panels/dialogue.ts	renderDialogue	function	export function renderDialogue(data: unknown, _ctx: ReportTabCtx): string
src/client/views/panels/dialogue.ts	dialoguePanel	const	export const dialoguePanel: ReportTabDef
src/client/views/panels/docs.ts	prototypeGroupOf	function	export function prototypeGroupOf(path: string): boolean
src/client/views/panels/docs.ts	docsPanel	const	export const docsPanel: ReportTabDef
src/client/views/panels/prompts.ts	renderPromptsPanel	function	export function renderPromptsPanel(data: unknown): string
src/client/views/panels/prompts.ts	promptsPanel	const	export const promptsPanel: ReportTabDef
src/client/views/panels/token.ts	tokenPanel	const	export const tokenPanel: ReportTabDef
src/client/views/panels/trunk.ts	renderTrunkPanel	function	export function renderTrunkPanel(data: unknown): string
src/client/views/panels/trunk.ts	trunkPanel	const	export const trunkPanel: ReportTabDef
src/client/views/panels/verify.ts	VERIFY_OLD_SERVER_TEXT	const	export const VERIFY_OLD_SERVER_TEXT
src/client/views/panels/verify.ts	VerifyView	interface	export interface VerifyView
src/client/views/panels/verify.ts	readVerify	function	export function readVerify(data: unknown): VerifyView
src/client/views/panels/verify.ts	renderRtmTable	function	export function renderRtmTable(view: VerifyView, reqId: string): string
src/client/views/panels/verify.ts	verifyPanel	const	export const verifyPanel: ReportTabDef
src/client/views/report-band.ts	GAP_HEAD_LIMIT	const	export const GAP_HEAD_LIMIT
src/client/views/report-band.ts	buildProgressCell	function	export function buildProgressCell(report: ReportResponse): string
src/client/views/report-band.ts	SHORT_MAX	const	export const SHORT_MAX
src/client/views/report-band.ts	oneLineLabel	function	export function oneLineLabel(text: string, max
src/client/views/report-band.ts	buildGapsCell	function	export function buildGapsCell(report: ReportResponse): string
src/client/views/report-band.ts	buildOutcomeCell	function	export function buildOutcomeCell(report: ReportResponse): string
src/client/views/report-band.ts	buildReportBand	function	export function buildReportBand(report: ReportResponse): string
src/client/views/report-band.ts	buildReportBandPlaceholder	function	export function buildReportBandPlaceholder(p: ReportHeadPlaceholder): string
src/client/views/report-head.ts	degradeText	function	export function degradeText(d: Degrade): string
src/client/views/report-head.ts	ReportHeadPlaceholder	type	export type ReportHeadPlaceholder
src/client/views/report-head.ts	buildReportHeadPlaceholder	function	export function buildReportHeadPlaceholder(p: ReportHeadPlaceholder): string
src/client/views/report-head.ts	buildWindowJumps	function	export function buildWindowJumps(report: ReportResponse): string
src/client/views/report-head.ts	buildReportActionBar	function	export function buildReportActionBar(report: ReportResponse): string
src/client/views/report-head.ts	CONSEQUENCE_HINT_MAX	const	export const CONSEQUENCE_HINT_MAX
src/client/views/report-head.ts	shortConsequence	function	export function shortConsequence(consequence: string): string
src/client/views/report-head.ts	COMMENT_RENDER_LIMIT	const	export const COMMENT_RENDER_LIMIT
src/client/views/report-head.ts	commentRenderPlan	function	export function commentRenderPlan(body: string):
src/client/views/report-head.ts	buildCommentList	function	export function buildCommentList(comments: ReportHead['comments'], total?: number): string
src/client/views/report-head.ts	ReportHeadOpts	interface	export interface ReportHeadOpts
src/client/views/report-head.ts	buildReportHead	function	export function buildReportHead(report: ReportResponse, now: number
src/client/views/report-tabs.ts	ReportTabKey	type	export type ReportTabKey
src/client/views/report-tabs.ts	ReportPanelParams	interface	export interface ReportPanelParams
src/client/views/report-tabs.ts	ReportTabCtx	interface	export interface ReportTabCtx
src/client/views/report-tabs.ts	ReportTabDef	interface	export interface ReportTabDef
src/client/views/report-tabs.ts	REPORT_TABS	const	export const REPORT_TABS: ReportTabDef[]
src/client/views/report-tabs.ts	REPORT_TAB_KEYS	const	export const REPORT_TAB_KEYS: readonly ReportTabKey[]
src/client/views/report-tabs.ts	isReportTabKey	function	export function isReportTabKey(v: unknown): v is ReportTabKey
src/client/views/report-tabs.ts	isReportResponse	function	export function isReportResponse(v: unknown): v is ReportResponse
src/client/views/report-tabs.ts	buildTabBar	function	export function buildTabBar(report: ReportResponse | undefined, active: ReportTabKey): string
src/client/views/report-tabs.ts	ReportShellSegments	interface	export interface ReportShellSegments
src/client/views/report-tabs.ts	ReportShellRenderOpts	interface	export interface ReportShellRenderOpts
src/client/views/report-tabs.ts	buildReportShell	function	export function buildReportShell(
src/client/views/report-tabs.ts	buildReportCompact	function	export function buildReportCompact(report: ReportResponse): string
src/client/views/report-tabs.ts	ReportTabsOpts	interface	export interface ReportTabsOpts
src/client/views/report-tabs.ts	ReportTabsController	interface	export interface ReportTabsController
src/client/views/report-tabs.ts	createReportTabs	function	export function createReportTabs(opts: ReportTabsOpts): ReportTabsController
src/client/views/report-tabs.ts	ReportHeadPhase	type	export type ReportHeadPhase
src/client/views/report-tabs.ts	ReportHeadState	interface	export interface ReportHeadState
src/client/views/report-tabs.ts	ReportShellOpts	interface	export interface ReportShellOpts
src/client/views/report-tabs.ts	ReportShellController	interface	export interface ReportShellController
src/client/views/report-tabs.ts	createReportShell	function	export function createReportShell(opts: ReportShellOpts): ReportShellController
src/client/views/stage-detail.ts	buildProgressDots	function	export function buildProgressDots(currentStatus: RequirementStatus): string
src/client/views/stage-detail.ts	buildTabs	function	export function buildTabs(): string
src/client/views/stage-detail.ts	buildTabContents	function	export function buildTabContents(
src/client/views/stage-detail.ts	buildReqDetail	function	export function buildReqDetail(req: RequirementRecord, tasks: TaskRecord[], now: number
src/client/views/stage-detail.ts	gateHintFor	function	export function gateHintFor(status: RequirementStatus): string
src/client/views/stage-detail.ts	renderActionBar	function	export function renderActionBar(req: RequirementRecord): string
src/client/views/stage-detail.ts	buildDag	function	export function buildDag(tasks: TaskRecord[]): string
src/client/views/stage-detail.ts	buildTaskColumns	function	export function buildTaskColumns(tasks: TaskRecord[]): string
src/client/views/stage-detail.ts	buildTaskTable	function	export function buildTaskTable(tasks: TaskRecord[]): string
src/client/views/stage-nodes-doc.ts	renderDocContent	function	export function renderDocContent(task: TaskRecord): string
src/client/views/stage-nodes-doc.ts	renderUIContent	function	export function renderUIContent(task: TaskRecord): string
src/client/views/stage-nodes-doc.ts	renderAnalysisContent	function	export function renderAnalysisContent(task: TaskRecord): string
src/client/views/stage-nodes-quality.ts	renderTestContent	function	export function renderTestContent(task: TaskRecord): string
src/client/views/stage-nodes-quality.ts	renderReviewContent	function	export function renderReviewContent(task: TaskRecord): string
src/client/views/stage-nodes-quality.ts	renderMergeContent	function	export function renderMergeContent(task: TaskRecord): string
src/client/views/stage-panel.ts	NodeType	type	export type NodeType
src/client/views/stage-panel.ts	identifyNodeType	function	export function identifyNodeType(task: TaskRecord): NodeType
src/client/views/stage-panel.ts	NODE_TYPE_ICONS	const	export const NODE_TYPE_ICONS: Record<NodeType, string>
src/client/views/stage-panel.ts	NODE_TYPE_LABELS	const	export const NODE_TYPE_LABELS: Record<NodeType, string>
src/client/views/stage-panel.ts	buildTaskDetail	function	export function buildTaskDetail(
src/client/views/stage-panel.ts	renderSpecializedContent	function	export function renderSpecializedContent(task: TaskRecord, nodeType: NodeType, req: RequirementRecord | undefined, allT…
src/client/views/stage-panel.ts	renderCommonContent	function	export function renderCommonContent(task: TaskRecord, now: number, archived: ReadonlySet<string>
src/client/views/stage-panel.ts	renderDecomposeContent	function	export function renderDecomposeContent(_task: TaskRecord, req: RequirementRecord | undefined, allTasks: TaskRecord[]): …
src/client/views/stage-panel.ts	renderImplementContent	function	export function renderImplementContent(task: TaskRecord): string
src/client/views/timeline.ts	eventsOf	function	export function eventsOf(
src/client/views/timeline.ts	renderTimeline	function	export function renderTimeline(
src/client/views/timeline.ts	renderReqTimeline	function	export function renderReqTimeline(req: RequirementRecord, now: number): string
src/client/views/timeline.ts	renderTaskTimeline	function	export function renderTaskTimeline(task: TaskRecord, now: number): string
src/client/views/timeline.ts	renderMilestoneStrip	function	export function renderMilestoneStrip(req: RequirementRecord): string
src/client/views/timeline.ts	TASK_TIMELINE_STATUSES	const	export const TASK_TIMELINE_STATUSES: readonly TaskStatus[]
src/client/views/timeline.ts	REQ_MILESTONE_STATUSES	const	export const REQ_MILESTONE_STATUSES: readonly RequirementStatus[]
src/client/views/timeline.ts	ganttSegments	function	export function ganttSegments(task: TaskRecord, now: number): Array<
src/client/views/timeline.ts	buildGantt	function	export function buildGantt(req: RequirementRecord, tasks: TaskRecord[], now: number): string
src/client/views/timeline.ts	renderTaskTable	function	export function renderTaskTable(tasks: TaskRecord[], now: number): string
src/client/views/timeline.ts	buildTasksPage	function	export function buildTasksPage(state: BoardState, now: number
src/client/views/traceability-view.ts	TraceabilityData	interface	export interface TraceabilityData
src/client/views/traceability-view.ts	CoverageData	interface	export interface CoverageData
src/client/views/traceability-view.ts	renderTraceabilityView	function	export function renderTraceabilityView(
src/client/views/traceability-view.ts	handleTraceSelect	function	export function handleTraceSelect(
src/client/views/verification.ts	DOC_KIND_META	const	export const DOC_KIND_META: Record<string,
src/client/views/verification.ts	stageRankOf	function	export function stageRankOf(stage: StageKey | string | undefined): number
src/client/views/verification.ts	collectReqDocs	function	export function collectReqDocs(req: RequirementRecord): Array<
src/client/views/verification.ts	renderDocSection	function	export function renderDocSection(req: RequirementRecord): string
src/client/views/verification.ts	verifyChip	function	export function verifyChip(req: RequirementRecord): string
src/client/views/verification.ts	archiveChip	function	export function archiveChip(req: RequirementRecord): string
src/client/views/verification.ts	archiveReconcileLine	function	export function archiveReconcileLine(req: RequirementRecord): string
src/client/views/verification.ts	renderVerifySection	function	export function renderVerifySection(req: RequirementRecord): string
src/client/views/verification.ts	renderArchiveSection	function	export function renderArchiveSection(req: RequirementRecord): string
src/client/views/verification.ts	renderManualUpdates	function	export function renderManualUpdates(a: ArchiveRecord): string
src/client/workflow-constants.ts	WORKFLOW_STAGES	const	export const WORKFLOW_STAGES
src/client/workflow-constants.ts	WorkflowStage	type	export type WorkflowStage
src/client/workflow-constants.ts	PROGRESS_DOT_STAGES	const	export const PROGRESS_DOT_STAGES: readonly WorkflowStage[]
src/client/workflow-constants.ts	LANE_STAGES	const	export const LANE_STAGES: readonly WorkflowStage[]
src/client/workflow-constants.ts	getStageLabel	function	export function getStageLabel(stage: WorkflowStage): string
src/client/workflow-constants.ts	getStageColor	function	export function getStageColor(stage: WorkflowStage): string
src/client/workflow-constants.ts	getStageOrder	function	export function getStageOrder(stage: WorkflowStage): number
src/domain/actor.ts	ActorKind	type	export type ActorKind
src/domain/actor.ts	ActorRef	interface	export interface ActorRef
src/domain/artifact/ArtifactPath.ts	ArtifactPathForm	type	export type ArtifactPathForm
src/domain/artifact/ArtifactPath.ts	NormalizedArtifactPath	interface	export interface NormalizedArtifactPath
src/domain/artifact/ArtifactPath.ts	extractRequirementIdFromPath	function	export function extractRequirementIdFromPath(p: string): string | undefined
src/domain/artifact/ArtifactPath.ts	normalizeArtifactPath	function	export function normalizeArtifactPath(raw: string, workspaceRoot: string): NormalizedArtifactPath
src/domain/artifact/ArtifactSpec.ts	ArtifactKind	type	export type ArtifactKind
src/domain/artifact/ArtifactSpec.ts	ALL_ARTIFACT_KINDS	const	export const ALL_ARTIFACT_KINDS: readonly ArtifactKind[]
src/domain/artifact/ArtifactSpec.ts	STAGE_ARTIFACT_REQUIREMENTS	const	export const STAGE_ARTIFACT_REQUIREMENTS: Readonly<Partial<Record<StageKey, readonly ArtifactKind[]>>>
src/domain/artifact/ArtifactSpec.ts	ArchiveDoc	interface	export interface ArchiveDoc
src/domain/artifact/ArtifactSpec.ts	ArchiveDocRule	interface	export interface ArchiveDocRule
src/domain/artifact/ArtifactSpec.ts	ARCHIVE_DOC_RULES	const	export const ARCHIVE_DOC_RULES: Readonly<Record<RequirementCategory, ArchiveDocRule>>
src/domain/artifact/ArtifactSpec.ts	isDesignArtifactKind	function	export function isDesignArtifactKind(kind: string): boolean
src/domain/artifact/ArtifactSpec.ts	kindForRelPath	function	export function kindForRelPath(rel: string): ArtifactKind
src/domain/artifact/GateReadings.ts	GateStatus	type	export type GateStatus
src/domain/artifact/GateReadings.ts	GateReading	interface	export interface GateReading
src/domain/artifact/GateReadings.ts	GateArtifactFact	interface	export interface GateArtifactFact
src/domain/artifact/GateReadings.ts	PlanState	type	export type PlanState
src/domain/artifact/GateReadings.ts	gateReadingsOf	function	export function gateReadingsOf(
src/domain/artifact/GateReadings.ts	planStateOf	function	export function planStateOf(
src/domain/artifact/GateReadings.ts	archivePreparedOf	function	export function archivePreparedOf(
src/domain/card-types.ts	PHASE_COLOR_FAMILIES	const	export const PHASE_COLOR_FAMILIES
src/domain/card-types.ts	PhaseColorFamily	type	export type PhaseColorFamily
src/domain/card-types.ts	STAGE_TO_PHASE_COLOR	const	export const STAGE_TO_PHASE_COLOR: Readonly<Record<StageKind, PhaseColorFamily>>
src/domain/card-types.ts	PHASE_COLOR_MAP	const	export const PHASE_COLOR_MAP: Readonly<Record<PhaseColorFamily, string>>
src/domain/card-types.ts	SIDES	const	export const SIDES
src/domain/card-types.ts	Side	type	export type Side
src/domain/card-types.ts	SIDE_LABELS	const	export const SIDE_LABELS: Readonly<Record<Side, string>>
src/domain/card-types.ts	SIDE_COLOR_MAP	const	export const SIDE_COLOR_MAP: Readonly<Record<Side, string>>
src/domain/card-types.ts	(anonymous)	other	export type
src/domain/card-types.ts	ROLE_LABELS	const	export const ROLE_LABELS: Readonly<Record<TaskRole, string>>
src/domain/card-types.ts	(anonymous)	other	export type
src/domain/card-types.ts	STATUS_COLOR_MAP	const	export const STATUS_COLOR_MAP: Readonly<Record<TaskStatus, string>>
src/domain/card-types.ts	STATUS_LABELS	const	export const STATUS_LABELS: Readonly<Record<TaskStatus, string>>
src/domain/card-types.ts	getPhaseColor	function	export function getPhaseColor(stage: StageKind): string
src/domain/card-types.ts	getSideColor	function	export function getSideColor(side: Side): string
src/domain/card-types.ts	getStatusColor	function	export function getStatusColor(status: TaskStatus): string
src/domain/checkpoint.ts	Checkpoint	interface	export interface Checkpoint
src/domain/checkpoint.ts	createCheckpoint	function	export function createCheckpoint(runId: string, stepIndex: number
src/domain/checkpoint.ts	updateCheckpointHeartbeat	function	export function updateCheckpointHeartbeat(cp: Checkpoint): Checkpoint
src/domain/checkpoint.ts	advanceCheckpoint	function	export function advanceCheckpoint(
src/domain/checkpoint.ts	pauseCheckpoint	function	export function pauseCheckpoint(cp: Checkpoint, reason: string): Checkpoint
src/domain/checkpoint.ts	isCheckpointStale	function	export function isCheckpointStale(cp: Checkpoint, thresholdMs: number): boolean
src/domain/dive/transition.ts	DiveEvent	type	export type DiveEvent
src/domain/dive/transition.ts	DiveActorKind	type	export type DiveActorKind
src/domain/dive/transition.ts	DiveTransitionInput	interface	export interface DiveTransitionInput
src/domain/dive/transition.ts	DiveTransitionResult	interface	export interface DiveTransitionResult
src/domain/dive/transition.ts	diveEquals	function	export function diveEquals(a: RequirementDive | undefined, b: RequirementDive | undefined): boolean
src/domain/dive/transition.ts	transitionDive	function	export function transitionDive(
src/domain/errors.ts	REQBOARD_ERROR_CODES	const	export const REQBOARD_ERROR_CODES
src/domain/errors.ts	ReqboardErrorCode	type	export type ReqboardErrorCode
src/domain/errors.ts	domainError	function	export function domainError(code: ReqboardErrorCode, message: string): Error
src/domain/errors.ts	hasErrorCode	function	export function hasErrorCode(err: unknown, code: ReqboardErrorCode): boolean
src/domain/gate/GateCatalog.ts	GATE_CATALOG	const	export const GATE_CATALOG: readonly GateSpec[]
src/domain/gate/GateCatalog.ts	StageGateTimeline	const	export const StageGateTimeline: Readonly<Record<string, readonly string[]>>
src/domain/gate/GateCatalog.ts	StageGateMoment	type	export type StageGateMoment
src/domain/gate/GateCatalog.ts	stageGateMomentFor	function	export function stageGateMomentFor(from: string, to: string): StageGateMoment | undefined
src/domain/gate/GateCatalog.ts	gateById	function	export function gateById(id: GateId): GateSpec | undefined
src/domain/gate/GateCatalog.ts	gateForTransition	function	export function gateForTransition(from: string, to: string): GateSpec | undefined
src/domain/gate/GateCatalog.ts	gateFromStage	function	export function gateFromStage(from: string): GateSpec | undefined
src/domain/gate/GateCatalog.ts	gateIdForTransition	function	export function gateIdForTransition(from: string, to: string): GateId | undefined
src/domain/gate/GateCatalog.ts	advanceTargetFor	function	export function advanceTargetFor(from: string): string | undefined
src/domain/gate/GateCatalog.ts	isHumanOnlyTransition	function	export function isHumanOnlyTransition(from: string, to: string): boolean
src/domain/gate/GateCatalog.ts	ARTIFACT_CONFIRM_GATES	const	export const ARTIFACT_CONFIRM_GATES: Readonly<Record<string, ArtifactKind>>
src/domain/gate/GateCatalog.ts	questionCardFor	function	export function questionCardFor(gateKind: string | undefined, from: string, to: string): string
src/domain/gate/GateSpec.ts	GateId	type	export type GateId
src/domain/gate/GateSpec.ts	GateChannel	type	export type GateChannel
src/domain/gate/GateSpec.ts	VerdictShape	type	export type VerdictShape
src/domain/gate/GateSpec.ts	GateSpec	interface	export interface GateSpec
src/domain/gate/GateSpec.ts	transitionKeyOf	function	export function transitionKeyOf(gate: GateSpec): string | undefined
src/domain/gate/GateSpec.ts	GateAnswer	interface	export interface GateAnswer
src/domain/gate/GateSpec.ts	ConfirmContext	interface	export interface ConfirmContext
src/domain/gate/GateSpec.ts	pendingKeyOf	function	export function pendingKeyOf(ctx: Pick<ConfirmContext, 'windowKey' | 'gate' | 'decidedAt'>): string
src/domain/job-spec.ts	JobStatus	type	export type JobStatus
src/domain/job-spec.ts	JobSpec	interface	export interface JobSpec
src/domain/job-spec.ts	createJobSpec	function	export function createJobSpec(jobId: string, runId: string): JobSpec
src/domain/job-spec.ts	updateHeartbeat	function	export function updateHeartbeat(spec: JobSpec): JobSpec
src/domain/job-spec.ts	isJobActive	function	export function isJobActive(spec: JobSpec): boolean
src/domain/job-spec.ts	isJobTerminated	function	export function isJobTerminated(spec: JobSpec): boolean
src/domain/knowledge/budget.ts	KB_LIMITS	const	export const KB_LIMITS
src/domain/knowledge/budget.ts	countLines	function	export function countLines(text: string): number
src/domain/knowledge/budget.ts	checkIndexChars	function	export function checkIndexChars(text: string): KbOverflow | undefined
src/domain/knowledge/budget.ts	checkIndexLines	function	export function checkIndexLines(text: string): KbOverflow | undefined
src/domain/knowledge/budget.ts	checkIndexBudget	function	export function checkIndexBudget(text: string): readonly KbOverflow[]
src/domain/knowledge/budget.ts	checkPageBudget	function	export function checkPageBudget(text: string): KbOverflow | undefined
src/domain/knowledge/budget.ts	checkQueryBudget	function	export function checkQueryBudget(budgetChars: number): KbOverflow | undefined
src/domain/knowledge/budget.ts	describeOverflow	function	export function describeOverflow(o: KbOverflow): string
src/domain/knowledge/entry.ts	KB_ENTRY_FIELDS	const	export const KB_ENTRY_FIELDS
src/domain/knowledge/entry.ts	KB_ENTRY_REQUIRED	const	export const KB_ENTRY_REQUIRED
src/domain/knowledge/entry.ts	KB_ENTRY_BODY_SECTIONS	const	export const KB_ENTRY_BODY_SECTIONS
src/domain/knowledge/entry.ts	isIsoDate	function	export function isIsoDate(s: string): boolean
src/domain/knowledge/entry.ts	addDays	function	export function addDays(iso: string, days: number): string
src/domain/knowledge/entry.ts	defaultExpires	function	export function defaultExpires(updated: string): string
src/domain/knowledge/entry.ts	isExpired	function	export function isExpired(expires: string, today: string): boolean
src/domain/knowledge/entry.ts	renderEntryDoc	function	export function renderEntryDoc(meta: KbEntryMeta, body: string): string
src/domain/knowledge/entry.ts	KbEntryParseResult	interface	export interface KbEntryParseResult
src/domain/knowledge/entry.ts	parseEntryDoc	function	export function parseEntryDoc(text: string): KbEntryParseResult
src/domain/knowledge/entry.ts	validateEntryDoc	function	export function validateEntryDoc(text: string, today: string): readonly KbIssue[]
src/domain/knowledge/entry.ts	metaToRow	function	export function metaToRow(meta: KbEntryMeta):
src/domain/knowledge/entry.ts	metaKeyOf	function	export function metaKeyOf(field: (typeof KB_ENTRY_FIELDS)[number]): keyof KbEntryMeta
src/domain/knowledge/generate.ts	KbSourceFile	interface	export interface KbSourceFile
src/domain/knowledge/generate.ts	KbSymbolRow	interface	export interface KbSymbolRow
src/domain/knowledge/generate.ts	KbCodeMapRender	interface	export interface KbCodeMapRender
src/domain/knowledge/generate.ts	KbTokensRender	interface	export interface KbTokensRender
src/domain/knowledge/generate.ts	KbIndexStructureError	class	export class KbIndexStructureError extends Error
src/domain/knowledge/generate.ts	extractSymbols	function	export function extractSymbols(relPath: string, text: string): readonly KbSymbolRow[]
src/domain/knowledge/generate.ts	renderCodeMap	function	export function renderCodeMap(files: readonly KbSourceFile[]): KbCodeMapRender
src/domain/knowledge/generate.ts	renderDesignTokens	function	export function renderDesignTokens(files: readonly KbSourceFile[]): KbTokensRender
src/domain/knowledge/generate.ts	scaffoldIndex	function	export function scaffoldIndex(): string
src/domain/knowledge/generate.ts	replaceGeneratedSection	function	export function replaceGeneratedSection(indexText: string, sectionTitle: string, rows: readonly string[]): string
src/domain/knowledge/generate.ts	KB_PAGE_MAX_LINES	const	export const KB_PAGE_MAX_LINES: number
src/domain/knowledge/index-line.ts	KB_ENTRY_ID_RE	const	export const KB_ENTRY_ID_RE
src/domain/knowledge/index-line.ts	KB_SECTION_ID_RE	const	export const KB_SECTION_ID_RE
src/domain/knowledge/index-line.ts	KB_INDEX_LINE_RE	const	export const KB_INDEX_LINE_RE
src/domain/knowledge/index-line.ts	KB_PAGES	const	export const KB_PAGES
src/domain/knowledge/index-line.ts	KbPage	type	export type KbPage
src/domain/knowledge/index-line.ts	isEntryId	function	export function isEntryId(id: string): boolean
src/domain/knowledge/index-line.ts	isSectionId	function	export function isSectionId(id: string): boolean
src/domain/knowledge/index-line.ts	isKnownId	function	export function isKnownId(id: string): boolean
src/domain/knowledge/index-line.ts	splitSectionId	function	export function splitSectionId(id: string):
src/domain/knowledge/index-line.ts	sectionId	function	export function sectionId(page: KbPage, anchor: string): string
src/domain/knowledge/index-line.ts	isOneLiner	function	export function isOneLiner(text: string): boolean
src/domain/knowledge/index-line.ts	renderIndexLine	function	export function renderIndexLine(row: KbIndexRow): string
src/domain/knowledge/index-line.ts	parseIndexLine	function	export function parseIndexLine(raw: string, lineNo: number): KbIndexRow
src/domain/knowledge/index-line.ts	KbIndexParseResult	interface	export interface KbIndexParseResult
src/domain/knowledge/index-line.ts	parseIndexDoc	function	export function parseIndexDoc(text: string): KbIndexParseResult
src/domain/knowledge/operations.ts	OPERATION_TRIGGERS	const	export const OPERATION_TRIGGERS
src/domain/knowledge/operations.ts	OperationTrigger	type	export type OperationTrigger
src/domain/knowledge/operations.ts	SCRIPT_TRIGGERS	const	export const SCRIPT_TRIGGERS: Record<string, OperationTrigger>
src/domain/knowledge/operations.ts	ExtraEntry	interface	export interface ExtraEntry
src/domain/knowledge/operations.ts	EXTRA_ENTRIES	const	export const EXTRA_ENTRIES: readonly ExtraEntry[]
src/domain/knowledge/operations.ts	ExcludedEntry	interface	export interface ExcludedEntry
src/domain/knowledge/operations.ts	EXCLUDED	const	export const EXCLUDED: readonly ExcludedEntry[]
src/domain/knowledge/operations.ts	CoverageItem	interface	export interface CoverageItem
src/domain/knowledge/operations.ts	OperationEntry	interface	export interface OperationEntry
src/domain/knowledge/operations.ts	OperationGap	interface	export interface OperationGap
src/domain/knowledge/operations.ts	OperationIssue	interface	export interface OperationIssue
src/domain/knowledge/operations.ts	buildCoverage	function	export function buildCoverage(
src/domain/knowledge/operations.ts	listUnclassified	function	export function listUnclassified(
src/domain/knowledge/operations.ts	parseOperationEntries	function	export function parseOperationEntries(conventionsText: string, section
src/domain/knowledge/operations.ts	validateOperationEntry	function	export function validateOperationEntry(
src/domain/knowledge/operations.ts	findGaps	function	export function findGaps(coverage: readonly CoverageItem[], entries: readonly OperationEntry[]): readonly OperationGap[]
src/domain/knowledge/operations.ts	nextCodeOf	function	export function nextCodeOf(entries: readonly OperationEntry[]):
src/domain/knowledge/operations.ts	renderCoverageTsv	function	export function renderCoverageTsv(coverage: readonly CoverageItem[], entries: readonly OperationEntry[]): string
src/domain/knowledge/operations.ts	entryToIndexRow	function	export function entryToIndexRow(entry: OperationEntry):
src/domain/knowledge/operations.ts	renderEntrySkeleton	function	export function renderEntrySkeleton(item: CoverageItem, code: string, title: string): string
src/domain/knowledge/slug.ts	slugify	function	export function slugify(text: string): string
src/domain/knowledge/slug.ts	headingAnchor	function	export function headingAnchor(heading: string): string
src/domain/knowledge/slug.ts	uniqueSlug	function	export function uniqueSlug(base: string, taken: Iterable<string>): string
src/domain/knowledge/slug.ts	HeadingRef	interface	export interface HeadingRef
src/domain/knowledge/slug.ts	listHeadingAnchors	function	export function listHeadingAnchors(md: string): readonly HeadingRef[]
src/domain/knowledge/slug.ts	sliceSection	function	export function sliceSection(md: string, anchor: string): string | undefined
src/domain/knowledge/types.ts	KB_KINDS	const	export const KB_KINDS
src/domain/knowledge/types.ts	KbKind	type	export type KbKind
src/domain/knowledge/types.ts	KB_ENTRY_STATUSES	const	export const KB_ENTRY_STATUSES
src/domain/knowledge/types.ts	KbEntryStatus	type	export type KbEntryStatus
src/domain/knowledge/types.ts	KB_INDEX_SECTIONS	const	export const KB_INDEX_SECTIONS
src/domain/knowledge/types.ts	sectionTitleFor	function	export function sectionTitleFor(kind: KbKind): string
src/domain/knowledge/types.ts	KbIndexRow	interface	export interface KbIndexRow
src/domain/knowledge/types.ts	KbIssue	interface	export interface KbIssue
src/domain/knowledge/types.ts	KbOverflow	interface	export interface KbOverflow
src/domain/knowledge/types.ts	KbEntryMeta	interface	export interface KbEntryMeta
src/domain/knowledge/types.ts	KbArtifact	interface	export interface KbArtifact
src/domain/knowledge/types.ts	KbPageName	type	export type KbPageName
src/domain/knowledge/types.ts	KB_PATHS	const	export const KB_PATHS
src/domain/knowledge/types.ts	KB_PAGE_PATHS	const	export const KB_PAGE_PATHS: Record<KbPageName, string>
src/domain/knowledge/types.ts	entryPath	function	export function entryPath(id: string): string
src/domain/knowledge/types.ts	pagePath	function	export function pagePath(page: KbPageName): string
src/domain/legacy/LegacyStatus.ts	LEGACY_REQ_STATUS_ALIASES	const	export const LEGACY_REQ_STATUS_ALIASES: Readonly<Record<string, RequirementStatus>>
src/domain/legacy/LegacyStatus.ts	LegacyStatusEvent	interface	export interface LegacyStatusEvent
src/domain/legacy/LegacyStatus.ts	LegacyComment	interface	export interface LegacyComment
src/domain/legacy/LegacyStatus.ts	LegacyBackfillRecord	interface	export interface LegacyBackfillRecord
src/domain/legacy/LegacyStatus.ts	parseTransitionTarget	function	export function parseTransitionTarget(body: string, allowed: readonly string[]): string | undefined
src/domain/legacy/LegacyStatus.ts	backfillRequirementHistory	function	export function backfillRequirementHistory(req: LegacyBackfillRecord): LegacyStatusEvent[] | undefined
src/domain/legacy/LegacyStatus.ts	migrateRequirementStatusNames	function	export function migrateRequirementStatusNames(req: LegacyBackfillRecord): boolean
src/domain/legacy/LegacyStatus.ts	migrateArtifactStageNames	function	export function migrateArtifactStageNames(req:
src/domain/legacy/LegacyStatus.ts	backfillTaskHistory	function	export function backfillTaskHistory(task: LegacyBackfillRecord): LegacyStatusEvent[] | undefined
src/domain/limits.ts	LIMITS	const	export const LIMITS
src/domain/limits.ts	MAX_FILE_LINES	const	export const MAX_FILE_LINES
src/domain/prompt/budget.ts	DEFAULT_PROMPT_BUDGET	const	export const DEFAULT_PROMPT_BUDGET
src/domain/prompt/budget.ts	isFloor	function	export function isFloor(fragment: Fragment): boolean
src/domain/prompt/budget.ts	assembleText	function	export function assembleText(fragments: readonly Fragment[]): string
src/domain/prompt/budget.ts	BudgetOutcome	interface	export interface BudgetOutcome
src/domain/prompt/budget.ts	applyBudget	function	export function applyBudget(fragments: readonly Fragment[], budget: number | undefined): BudgetOutcome
src/domain/prompt/chain.ts	StageChainStep	interface	export interface StageChainStep
src/domain/prompt/chain.ts	STAGE_CHAIN	const	export const STAGE_CHAIN: Readonly<Record<PromptStage, StageChainStep>>
src/domain/prompt/chain.ts	legalSuccessors	function	export function legalSuccessors(stage: PromptStage): readonly string[]
src/domain/prompt/chain.ts	isLegalNext	function	export function isLegalNext(stage: PromptStage, next: PromptStage | null): boolean
src/domain/prompt/difficulty-inference.ts	SignalKind	type	export type SignalKind
src/domain/prompt/difficulty-inference.ts	DifficultySignal	interface	export interface DifficultySignal
src/domain/prompt/difficulty-inference.ts	DifficultyInference	interface	export interface DifficultyInference
src/domain/prompt/difficulty-inference.ts	inferDifficulty	function	export function inferDifficulty(input:
src/domain/prompt/difficulty-inference.ts	difficultyMismatch	function	export function difficultyMismatch(inferred: DifficultyInference, injected: Difficulty | undefined): string | undefined
src/domain/prompt/difficulty-mapping.ts	difficultyFromDeclaredPrompt	function	export function difficultyFromDeclaredPrompt(declared: string | undefined): Difficulty | undefined
src/domain/prompt/difficulty-mapping.ts	heavierDifficulty	function	export function heavierDifficulty(a: Difficulty, b: Difficulty): Difficulty
src/domain/prompt/difficulty-mapping.ts	describeDeclaredDifficulty	function	export function describeDeclaredDifficulty(declared: string, mapped: Difficulty): string
src/domain/prompt/generated/fragments.ts	GeneratedFragment	interface	export interface GeneratedFragment
src/domain/prompt/generated/fragments.ts	GENERATED_FRAGMENTS	const	export const GENERATED_FRAGMENTS: readonly GeneratedFragment[]
src/domain/prompt/index.ts	FRAGMENT_LIBRARY	const	export const FRAGMENT_LIBRARY: readonly Fragment[]
src/domain/prompt/index.ts	resolveStagePrompt	function	export function resolveStagePrompt(
src/domain/prompt/index.ts	(anonymous)	other	export type
src/domain/prompt/router.ts	resolveFragmentPlan	function	export function resolveFragmentPlan(library: readonly Fragment[], req: StagePromptRequest): ResolvedPrompt
src/domain/prompt/types.ts	Wildcard	type	export type Wildcard
src/domain/prompt/types.ts	Difficulty	type	export type Difficulty
src/domain/prompt/types.ts	Category	type	export type Category
src/domain/prompt/types.ts	PromptStage	type	export type PromptStage
src/domain/prompt/types.ts	PROMPT_STAGES	const	export const PROMPT_STAGES: readonly PromptStage[]
src/domain/prompt/types.ts	isPromptStage	function	export function isPromptStage(value: unknown): value is PromptStage
src/domain/prompt/types.ts	DIFFICULTIES	const	export const DIFFICULTIES: readonly Difficulty[]
src/domain/prompt/types.ts	CATEGORIES	const	export const CATEGORIES: readonly Category[]
src/domain/prompt/types.ts	DEFAULT_DIFFICULTY	const	export const DEFAULT_DIFFICULTY: Difficulty
src/domain/prompt/types.ts	DEFAULT_CATEGORY	const	export const DEFAULT_CATEGORY: Category
src/domain/prompt/types.ts	Fragment	interface	export interface Fragment
src/domain/prompt/types.ts	StagePromptRequest	interface	export interface StagePromptRequest
src/domain/prompt/types.ts	HitLevel	type	export type HitLevel
src/domain/prompt/types.ts	HIT_LEVEL_LABELS	const	export const HIT_LEVEL_LABELS: Readonly<Record<HitLevel, string>>
src/domain/prompt/types.ts	BudgetOverflow	interface	export interface BudgetOverflow
src/domain/prompt/types.ts	ResolvedPrompt	interface	export interface ResolvedPrompt
src/domain/prompt/worktree-events.ts	WorktreeEvent	type	export type WorktreeEvent
src/domain/prompt/worktree-events.ts	WorktreeEventContext	interface	export interface WorktreeEventContext
src/domain/prompt/worktree-events.ts	WORKTREE_EVENT_TEMPLATES	const	export const WORKTREE_EVENT_TEMPLATES: Readonly<Record<WorktreeEvent, string>>
src/domain/prompt/worktree-events.ts	renderWorktreePrompt	function	export function renderWorktreePrompt(event: WorktreeEvent, ctx: WorktreeEventContext): string
src/domain/queue/normalizeQueue.ts	normalizeQueueFile	function	export function normalizeQueueFile(file: QueueFile): QueueFile
src/domain/queue/normalizeQueue.ts	countRedundantDependencies	function	export function countRedundantDependencies(file: Pick<QueueFile, 'tasks'>): number
src/domain/queue/queuePath.ts	REQUIREMENTS_DIR	const	export const REQUIREMENTS_DIR
src/domain/queue/queuePath.ts	QUEUE_FILENAME	const	export const QUEUE_FILENAME
src/domain/queue/queuePath.ts	queueRelativePath	function	export function queueRelativePath(requirementId: string): string
src/domain/queue/QueueTypes.ts	QUEUE_VERSION	const	export const QUEUE_VERSION
src/domain/queue/QueueTypes.ts	QueueTask	interface	export interface QueueTask extends TaskRecord
src/domain/queue/QueueTypes.ts	QueueEdge	interface	export interface QueueEdge
src/domain/queue/QueueTypes.ts	QueueLayer	interface	export interface QueueLayer
src/domain/queue/QueueTypes.ts	ValidationRule	type	export type ValidationRule
src/domain/queue/QueueTypes.ts	ValidationLevel	type	export type ValidationLevel
src/domain/queue/QueueTypes.ts	ValidationIssue	interface	export interface ValidationIssue
src/domain/queue/QueueTypes.ts	ValidationResult	interface	export interface ValidationResult
src/domain/queue/QueueTypes.ts	QueueFile	interface	export interface QueueFile
src/domain/queue/topology.ts	CIRCULAR_DEPENDENCY	const	export const CIRCULAR_DEPENDENCY
src/domain/queue/topology.ts	computeEdges	function	export function computeEdges(tasks: readonly QueueTask[]): QueueEdge[]
src/domain/queue/topology.ts	computeLayers	function	export function computeLayers(tasks: readonly QueueTask[]): QueueLayer[]
src/domain/queue/topology.ts	computeReady	function	export function computeReady(tasks: readonly QueueTask[]): string[]
src/domain/queue/transitiveReduction.ts	DependencyGraph	type	export type DependencyGraph
src/domain/queue/transitiveReduction.ts	transitiveReduce	function	export function transitiveReduce(graph: DependencyGraph): Map<string, string[]>
src/domain/queue/validateQueue.ts	levelOf	function	export function levelOf(issue: ValidationIssue): ValidationLevel
src/domain/queue/validateQueue.ts	isIssueLevel	function	export function isIssueLevel(issue: ValidationIssue): boolean
src/domain/queue/validateQueue.ts	validateQueueFile	function	export function validateQueueFile(file: QueueFile): ValidationResult
src/domain/queue/validateQueue.ts	hasIssue	function	export function hasIssue(result: ValidationResult, rule: ValidationRule): boolean
src/domain/requirement/archive-exemptions.ts	ArchiveExemptionRule	interface	export interface ArchiveExemptionRule
src/domain/requirement/archive-exemptions.ts	ARCHIVE_EXEMPTIONS	const	export const ARCHIVE_EXEMPTIONS: readonly ArchiveExemptionRule[]
src/domain/requirement/archive-exemptions.ts	matchArchiveExemption	function	export function matchArchiveExemption(relPath: string): ArchiveExemptionRule | undefined
src/domain/requirement/ColdWrite.ts	COLD_WRITE_EXEMPT_KEYS	const	export const COLD_WRITE_EXEMPT_KEYS: readonly string[]
src/domain/requirement/ColdWrite.ts	COLD_WRITE_TRIGGER_KEYS	const	export const COLD_WRITE_TRIGGER_KEYS: readonly string[]
src/domain/requirement/ColdWrite.ts	isColdWriteExempt	function	export function isColdWriteExempt(before: AnyRecord, draft: AnyRecord): boolean
src/domain/requirement/Journal.ts	JOURNAL_ERROR	const	export const JOURNAL_ERROR
src/domain/requirement/Journal.ts	CommentJournalLine	interface	export interface CommentJournalLine
src/domain/requirement/Journal.ts	StatusJournalLine	interface	export interface StatusJournalLine
src/domain/requirement/Journal.ts	AdvanceJournalLine	interface	export interface AdvanceJournalLine extends AdvanceRecord
src/domain/requirement/Journal.ts	HistoryJournalLine	type	export type HistoryJournalLine
src/domain/requirement/Journal.ts	JournalLine	type	export type JournalLine
src/domain/requirement/Journal.ts	JournalDefect	interface	export interface JournalDefect
src/domain/requirement/Journal.ts	encodeJournalLine	function	export function encodeJournalLine(line: JournalLine): string
src/domain/requirement/Journal.ts	decodeJournalLine	function	export function decodeJournalLine(text: string): JournalLine | undefined
src/domain/requirement/Journal.ts	parseJournal	function	export function parseJournal(text: string):
src/domain/requirement/Journal.ts	truncateByCount	function	export function truncateByCount<T extends
src/domain/requirement/Journal.ts	nextSeq	function	export function nextSeq(lines: readonly
src/domain/requirement/Journal.ts	toCommentLine	function	export function toCommentLine(seq: number, comment: CommentRecord): CommentJournalLine
src/domain/requirement/Journal.ts	toStatusLine	function	export function toStatusLine(seq: number, event: StatusEvent): StatusJournalLine
src/domain/requirement/Journal.ts	toAdvanceLine	function	export function toAdvanceLine(seq: number, record: AdvanceRecord): AdvanceJournalLine
src/domain/requirement/Journal.ts	commentOf	function	export function commentOf(line: CommentJournalLine): CommentRecord
src/domain/requirement/Journal.ts	statusEventOf	function	export function statusEventOf(line: StatusJournalLine): StatusEvent
src/domain/requirement/Journal.ts	advanceRecordOf	function	export function advanceRecordOf(line: AdvanceJournalLine): AdvanceRecord
src/domain/requirement/ReqboardPaths.ts	REQUIREMENTS_DIR	const	export const REQUIREMENTS_DIR
src/domain/requirement/ReqboardPaths.ts	ARCHIVE_DIR	const	export const ARCHIVE_DIR
src/domain/requirement/ReqboardPaths.ts	META_FILE	const	export const META_FILE
src/domain/requirement/ReqboardPaths.ts	RECORD_FILE	const	export const RECORD_FILE
src/domain/requirement/ReqboardPaths.ts	COMMENTS_FILE	const	export const COMMENTS_FILE
src/domain/requirement/ReqboardPaths.ts	HISTORY_FILE	const	export const HISTORY_FILE
src/domain/requirement/ReqboardPaths.ts	ARTIFACTS_FILE	const	export const ARTIFACTS_FILE
src/domain/requirement/ReqboardPaths.ts	PLAN_FILE	const	export const PLAN_FILE
src/domain/requirement/ReqboardPaths.ts	VERIFICATION_FILE	const	export const VERIFICATION_FILE
src/domain/requirement/ReqboardPaths.ts	ARCHIVE_FILE	const	export const ARCHIVE_FILE
src/domain/requirement/ReqboardPaths.ts	REQUIREMENT_FILES	const	export const REQUIREMENT_FILES: readonly string[]
src/domain/requirement/ReqboardPaths.ts	JournalKind	type	export type JournalKind
src/domain/requirement/ReqboardPaths.ts	ObjectKind	type	export type ObjectKind
src/domain/requirement/ReqboardPaths.ts	PATHS_ERROR	const	export const PATHS_ERROR
src/domain/requirement/ReqboardPaths.ts	isRequirementId	function	export function isRequirementId(value: string): boolean
src/domain/requirement/ReqboardPaths.ts	isColdStatus	function	export function isColdStatus(status: string): boolean
src/domain/requirement/ReqboardPaths.ts	metaPath	function	export function metaPath(root: string): string
src/domain/requirement/ReqboardPaths.ts	requirementsDir	function	export function requirementsDir(root: string): string
src/domain/requirement/ReqboardPaths.ts	archiveDir	function	export function archiveDir(root: string): string
src/domain/requirement/ReqboardPaths.ts	requirementDir	function	export function requirementDir(root: string, requirementId: string, opts:
src/domain/requirement/ReqboardPaths.ts	recordPath	function	export function recordPath(root: string, requirementId: string, opts:
src/domain/requirement/ReqboardPaths.ts	journalPath	function	export function journalPath(root: string, requirementId: string, kind: JournalKind, opts:
src/domain/requirement/ReqboardPaths.ts	objectPath	function	export function objectPath(root: string, requirementId: string, kind: ObjectKind, opts:
src/domain/requirement/ReqboardPaths.ts	requirementIdOfDirName	function	export function requirementIdOfDirName(dirName: string): string | undefined
src/domain/requirement/Requirement.ts	RequirementCategory	type	export type RequirementCategory
src/domain/requirement/RequirementStatus.ts	RequirementStatus	type	export type RequirementStatus
src/domain/requirement/RequirementStatus.ts	StageKey	type	export type StageKey
src/domain/requirement/RequirementStatus.ts	MainStageKey	type	export type MainStageKey
src/domain/requirement/RequirementStatus.ts	INITIAL_REQ_STATUS	const	export const INITIAL_REQ_STATUS: RequirementStatus
src/domain/requirement/RequirementStatus.ts	REWORK_REQ_STATUS	const	export const REWORK_REQ_STATUS: RequirementStatus
src/domain/requirement/RequirementStatus.ts	ACCEPTED_REQ_STATUS	const	export const ACCEPTED_REQ_STATUS: RequirementStatus
src/domain/requirement/RequirementStatus.ts	CANCELED_REQ_STATUS	const	export const CANCELED_REQ_STATUS: RequirementStatus
src/domain/requirement/RequirementStatus.ts	REQ_TRANSITIONS	const	export const REQ_TRANSITIONS: Readonly<Record<RequirementStatus, readonly RequirementStatus[]>>
src/domain/requirement/RequirementStatus.ts	HUMAN_ONLY_REQ_TRANSITIONS	const	export const HUMAN_ONLY_REQ_TRANSITIONS: ReadonlySet<string>
src/domain/requirement/RequirementStatus.ts	SYSTEM_REQ_TRANSITIONS	const	export const SYSTEM_REQ_TRANSITIONS: ReadonlySet<string>
src/domain/requirement/RequirementStatus.ts	canReqTransition	function	export function canReqTransition(from: RequirementStatus, to: RequirementStatus): boolean
src/domain/requirement/RequirementStatus.ts	assertReqTransition	function	export function assertReqTransition(from: RequirementStatus, to: RequirementStatus, actor: ActorKind): void
src/domain/requirement/RequirementStatus.ts	agentNextActions	function	export function agentNextActions(status: RequirementStatus): RequirementStatus[]
src/domain/requirement/RequirementSummary.ts	AdvanceAlert	interface	export interface AdvanceAlert
src/domain/requirement/RequirementSummary.ts	RequirementSummary	interface	export interface RequirementSummary
src/domain/requirement/RequirementSummary.ts	SummarizableRequirement	interface	export interface SummarizableRequirement
src/domain/requirement/RequirementSummary.ts	SUMMARY_KEYS	const	export const SUMMARY_KEYS: readonly string[]
src/domain/requirement/RequirementSummary.ts	BIG_FIELD_KEYS	const	export const BIG_FIELD_KEYS: readonly string[]
src/domain/requirement/RequirementSummary.ts	isBigFieldKey	function	export function isBigFieldKey(key: string): boolean
src/domain/requirement/RequirementSummary.ts	advanceAlertOf	function	export function advanceAlertOf(
src/domain/requirement/RequirementSummary.ts	summarize	function	export function summarize(record: SummarizableRequirement): RequirementSummary
src/domain/requirement/RequirementSummary.ts	RequirementFacts	interface	export interface RequirementFacts
src/domain/requirement/RequirementSummary.ts	FactArtifact	interface	export interface FactArtifact
src/domain/requirement/RequirementSummary.ts	factsOf	function	export function factsOf(record: SummarizableRequirement): RequirementFacts
src/domain/requirement/RollbackSpec.ts	PIPELINE_ORDER	const	export const PIPELINE_ORDER
src/domain/requirement/RollbackSpec.ts	PipelineStage	type	export type PipelineStage
src/domain/requirement/RollbackSpec.ts	pipelineIndexOf	function	export function pipelineIndexOf(status: RequirementStatus): number
src/domain/requirement/RollbackSpec.ts	isRollback	function	export function isRollback(from: RequirementStatus, to: RequirementStatus): boolean
src/domain/requirement/RollbackSpec.ts	stagesAfter	function	export function stagesAfter(to: RequirementStatus): readonly PipelineStage[]
src/domain/requirement/RollbackSpec.ts	rollbackTargetsOf	function	export function rollbackTargetsOf(status: RequirementStatus): readonly RequirementStatus[]
src/domain/stage/StageActions.ts	isOutOfBounds	function	export function isOutOfBounds(tool: string, status: RequirementStatus): boolean
src/domain/stage/StageActions.ts	correctiveActionFor	function	export function correctiveActionFor(status: RequirementStatus): string
src/domain/stage/StagePromptSpec.ts	ALL_STAGE_PROMPT_KEYS	const	export const ALL_STAGE_PROMPT_KEYS
src/domain/stage/StagePromptSpec.ts	StagePromptKey	type	export type StagePromptKey
src/domain/status/ArchivedMoment.ts	StatusMomentEvent	type	export type StatusMomentEvent
src/domain/status/ArchivedMoment.ts	archivedMomentOf	function	export function archivedMomentOf(req:
src/domain/status/Predicates.ts	isAccepting	function	export function isAccepting(req: HasStatus): boolean
src/domain/status/Predicates.ts	isImplementing	function	export function isImplementing(req: HasStatus): boolean
src/domain/status/Predicates.ts	isVerifiableStage	function	export function isVerifiableStage(req: HasStatus): boolean
src/domain/status/Predicates.ts	isArchived	function	export function isArchived(req: HasStatus): boolean
src/domain/status/Predicates.ts	ClosingGap	type	export type ClosingGap
src/domain/status/Predicates.ts	closingGapOf	function	export function closingGapOf(req: ClosingShape): ClosingGap | undefined
src/domain/status/Predicates.ts	isClosed	function	export function isClosed(req: ClosingShape): boolean
src/domain/status/Predicates.ts	isCanceled	function	export function isCanceled(req: HasStatus): boolean
src/domain/status/Predicates.ts	isLiveTask	function	export function isLiveTask<T extends HasStatus>(task: T): boolean
src/domain/status/Predicates.ts	liveTasksOf	function	export function liveTasksOf<T extends HasStatus>(tasks: readonly T[]): T[]
src/domain/status/Predicates.ts	liveCountOf	function	export function liveCountOf(tasks: readonly HasStatus[]): number
src/domain/status/Predicates.ts	isDependencySatisfied	function	export function isDependencySatisfied(dep: HasStatus | undefined): boolean
src/domain/status/Predicates.ts	DependencyBucket	type	export type DependencyBucket
src/domain/status/Predicates.ts	DependencyEdgeSplit	interface	export interface DependencyEdgeSplit
src/domain/status/Predicates.ts	splitDependencyEdges	function	export function splitDependencyEdges<T extends HasStatus &
src/domain/status/Predicates.ts	isReadyTask	function	export function isReadyTask<T extends HasStatus &
src/domain/status/Predicates.ts	layerInputOf	function	export function layerInputOf<T extends HasStatus &
src/domain/status/Predicates.ts	liveLayers	function	export function liveLayers<T extends HasStatus &
src/domain/status/Predicates.ts	liveReadyTasks	function	export function liveReadyTasks<T extends HasStatus &
src/domain/status/Predicates.ts	isNotArchived	function	export function isNotArchived(req: HasStatus): boolean
src/domain/status/Predicates.ts	isActiveRequirement	function	export function isActiveRequirement(req: HasStatus): boolean
src/domain/status/Predicates.ts	isOpenRequirement	function	export function isOpenRequirement(req: HasStatus): boolean
src/domain/status/Predicates.ts	isDraft	function	export function isDraft(req: HasStatus): boolean
src/domain/status/Predicates.ts	isInProgressTask	function	export function isInProgressTask(task: HasStatus): boolean
src/domain/status/Predicates.ts	isUnfinishedTask	function	export function isUnfinishedTask(task: HasStatus): boolean
src/domain/status/Predicates.ts	startsExecutionSegment	function	export function startsExecutionSegment(to: string): boolean
src/domain/status/Predicates.ts	endsExecutionSegment	function	export function endsExecutionSegment(to: string): boolean
src/domain/status/Predicates.ts	isRollbackOrCancel	function	export function isRollbackOrCancel(to: string): boolean
src/domain/status/Predicates.ts	isPassedItem	function	export function isPassedItem(i: HasStatus): boolean
src/domain/status/Predicates.ts	isFailedItem	function	export function isFailedItem(i: HasStatus | string): boolean
src/domain/status/Predicates.ts	isPendingItem	function	export function isPendingItem(i: HasStatus): boolean
src/domain/status/Predicates.ts	isUnverifiedItem	function	export function isUnverifiedItem(i: HasStatus): boolean
src/domain/status/Predicates.ts	isNotVerifiableItem	function	export function isNotVerifiableItem(i: HasStatus): boolean
src/domain/status/Predicates.ts	isDecidableItemStatus	function	export function isDecidableItemStatus(status: string): boolean
src/domain/status/Predicates.ts	countPendingItems	function	export function countPendingItems(items: readonly HasStatus[]): number
src/domain/status/Predicates.ts	countPassedItems	function	export function countPassedItems(items: readonly HasStatus[]): number
src/domain/status/Predicates.ts	countFailedItems	function	export function countFailedItems(items: readonly HasStatus[]): number
src/domain/status/Predicates.ts	countNotVerifiableItems	function	export function countNotVerifiableItems(items: readonly HasStatus[]): number
src/domain/status/Predicates.ts	isEveryItemPassed	function	export function isEveryItemPassed(items: readonly HasStatus[]): boolean
src/domain/status/Predicates.ts	isFullyDecidedItems	function	export function isFullyDecidedItems(items: readonly HasStatus[]): boolean
src/domain/status/Predicates.ts	countDoneTasks	function	export function countDoneTasks(tasks: readonly HasStatus[]): number
src/domain/status/Predicates.ts	countUnfinishedTasks	function	export function countUnfinishedTasks(tasks: readonly HasStatus[]): number
src/domain/status/Predicates.ts	isAcceptingStage	function	export function isAcceptingStage(stage: string): boolean
src/domain/task/Acceptability.ts	AcceptanceVerdict	type	export type AcceptanceVerdict
src/domain/task/Acceptability.ts	VACUOUS_ACCEPTANCE	const	export const VACUOUS_ACCEPTANCE
src/domain/task/Acceptability.ts	VERIFIABLE_ANCHOR	const	export const VERIFIABLE_ANCHOR
src/domain/task/Acceptability.ts	checkAcceptance	function	export function checkAcceptance(key: string, acceptance: string): AcceptanceVerdict
src/domain/task/Acceptability.ts	HOW_TO_VERIFY	const	export const HOW_TO_VERIFY
src/domain/task/Acceptability.ts	checkHowToVerify	function	export function checkHowToVerify(key: string, acceptance: string): AcceptanceVerdict
src/domain/task/Acceptability.ts	PlanTaskRef	interface	export interface PlanTaskRef
src/domain/task/Acceptability.ts	checkPlanTaskReferences	function	export function checkPlanTaskReferences(tasks: readonly PlanTaskRef[]): AcceptanceVerdict
src/domain/task/Footprint.ts	CardFootprint	interface	export interface CardFootprint
src/domain/task/Footprint.ts	FootprintJudgement	interface	export interface FootprintJudgement
src/domain/task/Footprint.ts	FOOTPRINT_ERROR	const	export const FOOTPRINT_ERROR
src/domain/task/Footprint.ts	FootprintError	class	export class FootprintError extends Error
src/domain/task/Footprint.ts	footprintInvalidReason	function	export function footprintInvalidReason(raw: unknown): string | undefined
src/domain/task/Footprint.ts	normalizeFootprint	function	export function normalizeFootprint(raw: unknown, where
src/domain/task/Footprint.ts	declaredFilesFloorFrom	function	export function declaredFilesFloorFrom(implementation: string | undefined): number
src/domain/task/Footprint.ts	assertFootprintFloor	function	export function assertFootprintFloor(
src/domain/task/Footprint.ts	detailUnitsOf	function	export function detailUnitsOf(fp: CardFootprint): number
src/domain/task/Footprint.ts	suggestedBatchesOf	function	export function suggestedBatchesOf(detailUnits: number, capacity: number): number
src/domain/task/Footprint.ts	judgeFootprint	function	export function judgeFootprint(fp: CardFootprint, capacity: number): FootprintJudgement
src/domain/task/Footprint.ts	FootprintSummaryInput	interface	export interface FootprintSummaryInput
src/domain/task/Footprint.ts	overCapacitySummary	function	export function overCapacitySummary(
src/domain/task/RequirementRefs.ts	REQUIREMENT_REF_PREFIXES	const	export const REQUIREMENT_REF_PREFIXES
src/domain/task/RequirementRefs.ts	REF_ID_RE	const	export const REF_ID_RE
src/domain/task/RequirementRefs.ts	REQUIREMENT_REF_ERROR	const	export const REQUIREMENT_REF_ERROR
src/domain/task/RequirementRefs.ts	RequirementRefError	class	export class RequirementRefError extends Error
src/domain/task/RequirementRefs.ts	refInvalidReason	function	export function refInvalidReason(raw: unknown): string | undefined
src/domain/task/RequirementRefs.ts	normalizeRequirementRefs	function	export function normalizeRequirementRefs(raw: unknown, where
src/domain/task/RequirementRefs.ts	compareRefIds	function	export function compareRefIds(a: string, b: string): number
src/domain/task/ReworkPlaceholder.ts	ReworkLike	interface	export interface ReworkLike
src/domain/task/ReworkPlaceholder.ts	StatusLike	interface	export interface StatusLike
src/domain/task/ReworkPlaceholder.ts	isReworkPlaceholder	function	export function isReworkPlaceholder(t: ReworkLike): boolean
src/domain/task/ReworkPlaceholder.ts	liveRealCards	function	export function liveRealCards<T extends StatusLike & ReworkLike>(tasks: readonly T[]): T[]
src/domain/task/StageRouting.ts	StageModelRoute	interface	export interface StageModelRoute
src/domain/task/StageRouting.ts	validateStageRouting	function	export function validateStageRouting(raw: unknown): Record<string, StageModelRoute>
src/domain/task/StageRouting.ts	resolveStageModel	function	export function resolveStageModel(
src/domain/task/SubtaskTemplate.ts	STAGE_KINDS	const	export const STAGE_KINDS
src/domain/task/SubtaskTemplate.ts	StageKind	type	export type StageKind
src/domain/task/SubtaskTemplate.ts	DEFAULT_FALLBACK_STAGES	const	export const DEFAULT_FALLBACK_STAGES: readonly StageKind[]
src/domain/task/SubtaskTemplate.ts	SUBTASK_TEMPLATES	const	export const SUBTASK_TEMPLATES: Readonly<Record<string, readonly StageKind[]>>
src/domain/task/SubtaskTemplate.ts	STAGE_LABELS	const	export const STAGE_LABELS: Readonly<Record<StageKind, string>>
src/domain/task/SubtaskTemplate.ts	STAGE_ACCEPTANCE	const	export const STAGE_ACCEPTANCE: Readonly<Record<StageKind, string>>
src/domain/task/SubtaskTemplate.ts	STAGE_EVIDENCE_KIND	const	export const STAGE_EVIDENCE_KIND: Readonly<Record<StageKind, 'file' | 'verdict'>>
src/domain/task/SubtaskTemplate.ts	stageLabel	function	export function stageLabel(kind: StageKind): string
src/domain/task/SubtaskTemplate.ts	stagesForCardType	function	export function stagesForCardType(type: string | undefined | null): readonly StageKind[]
src/domain/task/SubtaskTemplate.ts	PHASE_STAGES	const	export const PHASE_STAGES: Readonly<Record<string, readonly StageKind[]>>
src/domain/task/SubtaskTemplate.ts	stagesForPhase	function	export function stagesForPhase(phase: string | undefined | null): readonly StageKind[] | undefined
src/domain/task/SubtaskTemplate.ts	stagesForSide	function	export function stagesForSide(side: string | undefined | null): readonly StageKind[] | undefined
src/domain/task/SubtaskTemplate.ts	ExplicitStagesVerdict	type	export type ExplicitStagesVerdict
src/domain/task/SubtaskTemplate.ts	validateExplicitStages	function	export function validateExplicitStages(stages: readonly unknown[]): ExplicitStagesVerdict
src/domain/task/SubtaskTemplate.ts	SubtaskSpec	interface	export interface SubtaskSpec
src/domain/task/SubtaskTemplate.ts	buildSubtaskSpecs	function	export function buildSubtaskSpecs(stages: readonly StageKind[]): SubtaskSpec[]
src/domain/task/SubtaskTemplate.ts	TemplateRefVerdict	type	export type TemplateRefVerdict
src/domain/task/SubtaskTemplate.ts	TEMPLATE_REF_ERROR	const	export const TEMPLATE_REF_ERROR
src/domain/task/SubtaskTemplate.ts	TEMPLATE_CONFLICT_ERROR	const	export const TEMPLATE_CONFLICT_ERROR
src/domain/task/SubtaskTemplate.ts	validateTemplateRef	function	export function validateTemplateRef(template: unknown): TemplateRefVerdict
src/domain/task/SubtaskTemplate.ts	PlanStagesVerdict	type	export type PlanStagesVerdict
src/domain/task/SubtaskTemplate.ts	resolvePlanStages	function	export function resolvePlanStages(draft:
src/domain/task/TaskStatus.ts	TaskStatus	type	export type TaskStatus
src/domain/task/TaskStatus.ts	TASK_STATUS_ORDER	const	export const TASK_STATUS_ORDER: readonly TaskStatus[]
src/domain/task/TaskStatus.ts	INITIAL_TASK_STATUS	const	export const INITIAL_TASK_STATUS: TaskStatus
src/domain/task/TaskStatus.ts	TASK_TRANSITIONS	const	export const TASK_TRANSITIONS: Readonly<Record<TaskStatus, readonly TaskStatus[]>>
src/domain/task/TaskStatus.ts	TaskRole	type	export type TaskRole
src/domain/task/TaskStatus.ts	SUBTASK_TRANSITIONS	const	export const SUBTASK_TRANSITIONS: Readonly<Record<TaskStatus, readonly TaskStatus[]>>
src/domain/task/TaskStatus.ts	PARENT_TRANSITIONS	const	export const PARENT_TRANSITIONS: Readonly<Record<TaskStatus, readonly TaskStatus[]>>
src/domain/task/TaskStatus.ts	taskTransitionsFor	function	export function taskTransitionsFor(role: TaskRole): Readonly<Record<TaskStatus, readonly TaskStatus[]>>
src/domain/task/TaskStatus.ts	TASK_ROLE_LABELS	const	export const TASK_ROLE_LABELS: Readonly<Record<TaskRole, string>>
src/domain/task/TaskStatus.ts	legalEdgesFor	function	export function legalEdgesFor(role: TaskRole): string
src/domain/task/TaskStatus.ts	HUMAN_ONLY_TASK_TRANSITIONS	const	export const HUMAN_ONLY_TASK_TRANSITIONS: ReadonlySet<string>
src/domain/task/TaskStatus.ts	SYSTEM_TASK_TRANSITIONS	const	export const SYSTEM_TASK_TRANSITIONS: ReadonlySet<string>
src/domain/task/TaskStatus.ts	WORKFLOW_RUN_STATUS	const	export const WORKFLOW_RUN_STATUS
src/domain/task/TaskStatus.ts	WorkflowRunStatus	type	export type WorkflowRunStatus
src/domain/task/TaskStatus.ts	isWorkflowRunCompleted	const	export const isWorkflowRunCompleted
src/domain/task/TaskStatus.ts	TASK_STATUS_PROGRESS	const	export const TASK_STATUS_PROGRESS: Readonly<Record<TaskStatus, number>>
src/domain/task/TaskStatus.ts	canTaskTransition	function	export function canTaskTransition(from: TaskStatus, to: TaskStatus, role: TaskRole
src/domain/task/TaskStatus.ts	assertTaskTransition	function	export function assertTaskTransition(
src/domain/template/registry.ts	NODE_TEMPLATES	const	export const NODE_TEMPLATES: NodeTemplateEntry[]
src/domain/template/registry.ts	getNodeTemplates	function	export function getNodeTemplates(stage: string, category: string): NodeTemplateEntry['templates'] | null
src/domain/template/render.ts	renderAddressSection	function	export function renderAddressSection(input: AddressSectionInput): string
src/domain/template/resolve.ts	resolveNodeTemplates	function	export function resolveNodeTemplates(stage: string, category: Category | string | undefined): readonly TemplateRef[]
src/domain/template/resolve.ts	kindTitle	function	export function kindTitle(kind: string): string
src/domain/template/resolve.ts	resolveUpstreamDocs	function	export function resolveUpstreamDocs(
src/domain/template/types.ts	TemplateRef	interface	export interface TemplateRef
src/domain/template/types.ts	DocRef	interface	export interface DocRef
src/domain/template/types.ts	CurrentTaskRef	interface	export interface CurrentTaskRef
src/domain/template/types.ts	UpstreamSource	interface	export interface UpstreamSource
src/domain/template/types.ts	AddressSource	interface	export interface AddressSource extends UpstreamSource
src/domain/template/types.ts	UpstreamArtifact	interface	export interface UpstreamArtifact
src/domain/template/types.ts	AddressSectionInput	interface	export interface AddressSectionInput
src/domain/text/fmt.ts	clip	function	export function clip(text: string, max: number): string
src/domain/text/fmt.ts	FmtVars	type	export type FmtVars
src/domain/text/fmt.ts	fmt	function	export function fmt(template: string, vars: FmtVars): string
src/domain/text/labels.ts	ACCEPT_ITEM_OPTIONS	const	export const ACCEPT_ITEM_OPTIONS
src/domain/text/labels.ts	FINAL_PASS_LABEL	const	export const FINAL_PASS_LABEL
src/domain/text/labels.ts	FINAL_DECLINE_LABEL	const	export const FINAL_DECLINE_LABEL
src/domain/text/labels.ts	ITEM_STATUS_BADGE	const	export const ITEM_STATUS_BADGE
src/domain/text/labels.ts	DEFAULT_CONFIRM_OPTIONS	const	export const DEFAULT_CONFIRM_OPTIONS
src/domain/text/pm-badge.ts	PM_BADGE_PREFIX	const	export const PM_BADGE_PREFIX
src/domain/text/pm-badge.ts	pmHeader	function	export function pmHeader(text: string): string
src/domain/token/lineage.ts	LineageHeader	interface	export interface LineageHeader
src/domain/token/lineage.ts	LineageDescendant	interface	export interface LineageDescendant
src/domain/token/lineage.ts	descendantsOf	function	export function descendantsOf(headers: readonly LineageHeader[], rootId: string): LineageDescendant[]
src/domain/token/lineage.ts	sumMembers	function	export function sumMembers(members: readonly TokenSnapshotMember[]): TokenBuckets
src/domain/token/lineage.ts	SnapshotDelta	interface	export interface SnapshotDelta
src/domain/token/lineage.ts	deltaSnapshots	function	export function deltaSnapshots(start: TokenSnapshot, end: TokenSnapshot): SnapshotDelta
src/domain/workflow/AcceptanceSheetSpec.ts	VerificationItemSource	type	export type VerificationItemSource
src/domain/workflow/AcceptanceSheetSpec.ts	SheetItemLike	interface	export interface SheetItemLike
src/domain/workflow/AcceptanceSheetSpec.ts	bindItemResults	function	export function bindItemResults(
src/domain/workflow/AcceptanceSheetSpec.ts	needsResultInput	function	export function needsResultInput(it:
src/domain/workflow/AcceptanceSheetSpec.ts	humanNotice	function	export function humanNotice(it:
src/domain/workflow/AcceptanceSheetSpec.ts	itemResultBindingEnabled	function	export function itemResultBindingEnabled(env: Record<string, string | undefined>): boolean
src/domain/workflow/AcceptanceSheetSpec.ts	SheetLike	interface	export interface SheetLike
src/domain/workflow/AcceptanceSheetSpec.ts	SheetTaskLike	interface	export interface SheetTaskLike
src/domain/workflow/AcceptanceSheetSpec.ts	REQUIREMENT_LEVEL_CRITERION	const	export const REQUIREMENT_LEVEL_CRITERION
src/domain/workflow/AcceptanceSheetSpec.ts	PROTOTYPE_COMPARE_CRITERION	const	export const PROTOTYPE_COMPARE_CRITERION
src/domain/workflow/AcceptanceSheetSpec.ts	PROTOTYPE_COMPARE_HUMAN_REASON	const	export const PROTOTYPE_COMPARE_HUMAN_REASON
src/domain/workflow/AcceptanceSheetSpec.ts	DECISION_COMPARE_CRITERION	const	export const DECISION_COMPARE_CRITERION
src/domain/workflow/AcceptanceSheetSpec.ts	PROTOTYPE_EXEMPT_NOTE_PREFIX	const	export const PROTOTYPE_EXEMPT_NOTE_PREFIX
src/domain/workflow/AcceptanceSheetSpec.ts	prototypeExemptNote	function	export function prototypeExemptNote(reason: string): string
src/domain/workflow/AcceptanceSheetSpec.ts	REQ_LEVEL_TRACE_ID	const	export const REQ_LEVEL_TRACE_ID
src/domain/workflow/AcceptanceSheetSpec.ts	PROTOTYPE_COMPARE_TRACE_ID	const	export const PROTOTYPE_COMPARE_TRACE_ID
src/domain/workflow/AcceptanceSheetSpec.ts	DECISION_COMPARE_TRACE_ID	const	export const DECISION_COMPARE_TRACE_ID
src/domain/workflow/AcceptanceSheetSpec.ts	rtmTraceIdOf	function	export function rtmTraceIdOf(source: VerificationItemSource): string
src/domain/workflow/AcceptanceSheetSpec.ts	itemSourceTitle	function	export function itemSourceTitle(
src/domain/workflow/AcceptanceSheetSpec.ts	ANCHOR_GAP_PREFIX	const	export const ANCHOR_GAP_PREFIX
src/domain/workflow/AcceptanceSheetSpec.ts	UNVERIFIABLE_PREFIX	const	export const UNVERIFIABLE_PREFIX
src/domain/workflow/AcceptanceSheetSpec.ts	requirementItemTitle	function	export function requirementItemTitle(
src/domain/workflow/AcceptanceSheetSpec.ts	SheetBuildInput	interface	export interface SheetBuildInput
src/domain/workflow/AcceptanceSheetSpec.ts	SheetBuildResult	interface	export interface SheetBuildResult
src/domain/workflow/AcceptanceSheetSpec.ts	buildSheet	function	export function buildSheet(input: SheetBuildInput): SheetBuildResult
src/domain/workflow/AcceptanceSheetSpec.ts	SheetVerdictInput	interface	export interface SheetVerdictInput
src/domain/workflow/AcceptanceSheetSpec.ts	ReworkSourceTaskLike	interface	export interface ReworkSourceTaskLike
src/domain/workflow/AcceptanceSheetSpec.ts	ReworkTaskSpec	interface	export interface ReworkTaskSpec
src/domain/workflow/AcceptanceSheetSpec.ts	ApplySheetVerdictsResult	interface	export interface ApplySheetVerdictsResult
src/domain/workflow/AcceptanceSheetSpec.ts	reworkSpecFor	function	export function reworkSpecFor(
src/domain/workflow/AcceptanceSheetSpec.ts	reworkSpecsFor	function	export function reworkSpecsFor(sheet: SheetLike, tasks: readonly ReworkSourceTaskLike[]): ReworkTaskSpec[]
src/domain/workflow/AcceptanceSheetSpec.ts	applyVerdicts	function	export function applyVerdicts(
src/domain/workflow/AcceptanceSheetSpec.ts	isAllPassed	function	export function isAllPassed(sheet: SheetLike): boolean
src/domain/workflow/AcceptanceSheetSpec.ts	isSystemItem	function	export function isSystemItem(i: Pick<SheetItemLike, 'gapKind' | 'criterion'>): boolean
src/domain/workflow/AcceptanceSheetSpec.ts	unverifiedItemsOf	function	export function unverifiedItemsOf(sheet: SheetLike): string[]
src/domain/workflow/AcceptanceSheetSpec.ts	dispositionMissingItems	function	export function dispositionMissingItems(sheet: SheetLike): string[]
src/domain/workflow/AcceptanceSheetSpec.ts	sheetGateStatus	function	export function sheetGateStatus(sheet: SheetLike): 'passed' | 'pending' | 'blocked'
src/domain/workflow/AcceptanceSheetSpec.ts	verdictRequiresOpinion	function	export function verdictRequiresOpinion(status: string): boolean
src/domain/workflow/AcceptanceSheetSpec.ts	isFullyDecided	function	export function isFullyDecided(sheet: SheetLike): boolean
src/domain/workflow/DecomposeSpec.ts	ExistingTaskLike	interface	export interface ExistingTaskLike
src/domain/workflow/DecomposeSpec.ts	DecomposeVerdict	type	export type DecomposeVerdict
src/domain/workflow/DecomposeSpec.ts	DecomposeIdempotencyContext	interface	export interface DecomposeIdempotencyContext
src/domain/workflow/DecomposeSpec.ts	checkDecomposeIdempotency	function	export function checkDecomposeIdempotency(
src/domain/workflow/DependencyGateSpec.ts	DependencyTaskLike	interface	export interface DependencyTaskLike
src/domain/workflow/DependencyGateSpec.ts	DependencyGateUnfinished	interface	export interface DependencyGateUnfinished
src/domain/workflow/DependencyGateSpec.ts	DependencyGateRejection	interface	export interface DependencyGateRejection
src/domain/workflow/DependencyGateSpec.ts	checkClaimDependencies	function	export function checkClaimDependencies(
src/domain/workflow/DocCompleteness.ts	DocClass	interface	export interface DocClass
src/domain/workflow/DocCompleteness.ts	TASK_CARD_CLASS_KEY	const	export const TASK_CARD_CLASS_KEY
src/domain/workflow/DocCompleteness.ts	VERIFICATION_DOC_CLASSES	const	export const VERIFICATION_DOC_CLASSES: readonly DocClass[]
src/domain/workflow/DocCompleteness.ts	DocCheckResult	interface	export interface DocCheckResult
src/domain/workflow/DocCompleteness.ts	DocCheckInput	interface	export interface DocCheckInput
src/domain/workflow/DocCompleteness.ts	checkDocCompleteness	function	export function checkDocCompleteness(input: DocCheckInput): DocCheckResult
src/domain/workflow/DocSyncSpec.ts	DocSyncSource	type	export type DocSyncSource
src/domain/workflow/DocSyncSpec.ts	DocSyncDownstream	type	export type DocSyncDownstream
src/domain/workflow/DocSyncSpec.ts	DocSyncPendingLike	interface	export interface DocSyncPendingLike
src/domain/workflow/DocSyncSpec.ts	DocSyncArtifactLike	interface	export interface DocSyncArtifactLike
src/domain/workflow/DocSyncSpec.ts	DocSyncReqLike	interface	export interface DocSyncReqLike
src/domain/workflow/DocSyncSpec.ts	docSyncDownstream	function	export function docSyncDownstream(changed: DocSyncSource, artifacts: readonly DocSyncArtifactLike[] | undefined): DocSy…
src/domain/workflow/DocSyncSpec.ts	applyDocSync	function	export function applyDocSync(req: DocSyncReqLike, changed: DocSyncSource, reason: string, at: number): void
src/domain/workflow/DocSyncSpec.ts	clearDocSync	function	export function clearDocSync(req: DocSyncReqLike, downstream: DocSyncDownstream): void
src/domain/workflow/DocSyncSpec.ts	docSyncPendingOf	function	export function docSyncPendingOf(req: DocSyncReqLike): DocSyncPendingLike[]
src/domain/workflow/DocSyncSpec.ts	docSyncSummary	function	export function docSyncSummary(req: DocSyncReqLike): string
src/domain/workflow/DoneEvidenceSpec.ts	RecentDoneTaskLike	interface	export interface RecentDoneTaskLike
src/domain/workflow/DoneEvidenceSpec.ts	findRecentAgentDoneTask	function	export function findRecentAgentDoneTask(
src/domain/workflow/DoneEvidenceSpec.ts	doneThrottleRemainingMs	function	export function doneThrottleRemainingMs(
src/domain/workflow/DoneEvidenceSpec.ts	DoneEvidenceInput	interface	export interface DoneEvidenceInput
src/domain/workflow/DoneEvidenceSpec.ts	DoneEvidenceVerdict	type	export type DoneEvidenceVerdict
src/domain/workflow/DoneEvidenceSpec.ts	checkDoneEvidence	function	export function checkDoneEvidence(input: DoneEvidenceInput): DoneEvidenceVerdict
src/domain/workflow/MilestoneSpec.ts	MilestoneArtifactLike	interface	export interface MilestoneArtifactLike
src/domain/workflow/MilestoneSpec.ts	MilestoneReqLike	interface	export interface MilestoneReqLike
src/domain/workflow/MilestoneSpec.ts	findStaleUnconfirmedArtifact	function	export function findStaleUnconfirmedArtifact(
src/domain/workflow/MilestoneSpec.ts	shouldRemindConfirm	function	export function shouldRemindConfirm(req: MilestoneReqLike, now: number, reminderAfterMs: number): boolean
src/domain/workflow/ReadabilityHints.ts	readabilityHints	function	export function readabilityHints(docText: string): string[]
src/domain/workflow/ResultBinding.ts	RESULT_MAX_CHARS	const	export const RESULT_MAX_CHARS
src/domain/workflow/ResultBinding.ts	ResultRefInput	interface	export interface ResultRefInput
src/domain/workflow/ResultBinding.ts	ResultMatchReport	interface	export interface ResultMatchReport
src/domain/workflow/ResultBinding.ts	isForeseeableItem	function	export function isForeseeableItem(item: Pick<SheetItemLike, 'source' | 'gapKind' | 'criterion'>): boolean
src/domain/workflow/ResultBinding.ts	refKeyOf	function	export function refKeyOf(ref: VerificationItemSource): string
src/domain/workflow/ResultBinding.ts	matchStructuredResults	function	export function matchStructuredResults(items: readonly SheetItemLike[], results: unknown): ResultMatchReport
src/domain/workflow/ResultBinding.ts	splitUnmatched	function	export function splitUnmatched(
src/domain/workflow/ResultBinding.ts	applyStructuredResults	function	export function applyStructuredResults(items: SheetItemLike[], results: unknown):
src/domain/workflow/RollupSpec.ts	RollupRule	type	export type RollupRule
src/domain/workflow/RollupSpec.ts	RollupMove	interface	export interface RollupMove
src/domain/workflow/RollupSpec.ts	RollupRequirementLike	interface	export interface RollupRequirementLike
src/domain/workflow/RollupSpec.ts	RollupTaskLike	interface	export interface RollupTaskLike
src/domain/workflow/RollupSpec.ts	RollupTriageLike	interface	export interface RollupTriageLike
src/domain/workflow/RollupSpec.ts	RollupView	interface	export interface RollupView
src/domain/workflow/RollupSpec.ts	planPickupAdvance	function	export function planPickupAdvance(view: RollupView, reqId: string): RollupMove | undefined
src/domain/workflow/RollupSpec.ts	planPickupReconcile	function	export function planPickupReconcile(view: RollupView): RollupMove[]
src/domain/workflow/RollupSpec.ts	planRollup	function	export function planRollup(view: RollupView, onlyReqId?: string): RollupMove[]
src/domain/workflow/StageTelemetry.ts	StageTelemetryExec	interface	export interface StageTelemetryExec
src/domain/workflow/StageTelemetry.ts	StageTelemetryTask	interface	export interface StageTelemetryTask
src/domain/workflow/StageTelemetry.ts	StageTelemetryRow	interface	export interface StageTelemetryRow
src/domain/workflow/StageTelemetry.ts	stageTelemetryOf	function	export function stageTelemetryOf(tasks: readonly StageTelemetryTask[]): StageTelemetryRow[]
src/domain/workflow/StageTelemetry.ts	zeroOutputStreak	function	export function zeroOutputStreak(execs: readonly StageTelemetryExec[]): number
src/domain/workflow/StageTelemetry.ts	shouldAlertZeroOutput	function	export function shouldAlertZeroOutput(streak: number, alertedCount: number, threshold: number): boolean
src/domain/workflow/VerificationDoc.ts	VerificationDocItem	interface	export interface VerificationDocItem
src/domain/workflow/VerificationDoc.ts	VerificationDocInput	interface	export interface VerificationDocInput
src/domain/workflow/VerificationDoc.ts	renderVerificationDoc	function	export function renderVerificationDoc(input: VerificationDocInput): string
src/domain/write-set.ts	WriteSet	type	export type WriteSet
src/domain/write-set.ts	detectConflict	function	export function detectConflict(ws1: WriteSet, ws2: WriteSet): boolean
src/domain/write-set.ts	validateWriteSet	function	export function validateWriteSet(ws: WriteSet):
src/gate-wiring.ts	GateChainDeps	interface	export interface GateChainDeps
src/gate-wiring.ts	assembleGatePostChain	function	export function assembleGatePostChain(deps: GateChainDeps): ReturnType<typeof createGatePostChain>
src/gate-wiring.ts	CaptureGuidanceDeps	interface	export interface CaptureGuidanceDeps
src/gate-wiring.ts	registerCaptureGuidance	function	export function registerCaptureGuidance(ctx: Context, deps: CaptureGuidanceDeps): void
src/http/client-build.ts	STAMP_CHARS	const	export const STAMP_CHARS
src/http/client-build.ts	clientCjsPath	function	export function clientCjsPath(): string | undefined
src/http/client-build.ts	clientBuildStamp	function	export function clientBuildStamp(): string | undefined
src/http/envelope.ts	json	function	export function json(res: ServerResponse, status: number, body: unknown): void
src/http/envelope.ts	ok	function	export function ok(res: ServerResponse, data: unknown): void
src/http/envelope.ts	fail	function	export function fail(res: ServerResponse, err: unknown): void
src/http/legacy-board-route.ts	LEGACY_BOARD_PATHS	const	export const LEGACY_BOARD_PATHS: readonly string[]
src/http/legacy-board-route.ts	LEGACY_BOARD_BODY	const	export const LEGACY_BOARD_BODY: string
src/http/legacy-board-route.ts	createLegacyBoardRouteHandler	function	export function createLegacyBoardRouteHandler(): (req: IncomingMessage, res: ServerResponse)
src/http/legacy-board-route.ts	ExactRouteRegistrar	interface	export interface ExactRouteRegistrar
src/http/legacy-board-route.ts	registerLegacyBoardRoutes	function	export function registerLegacyBoardRoutes(
src/http/not-ready.ts	createNotReadyHandler	function	export function createNotReadyHandler(
src/http/routers/artifacts.ts	DocPathVerdict	interface	export interface DocPathVerdict
src/http/routers/artifacts.ts	createArtifactsRouter	function	export function createArtifactsRouter(ctx: RouterCtx)
src/http/routers/injection.ts	INJECTION_QUERY_DEFAULT	const	export const INJECTION_QUERY_DEFAULT
src/http/routers/injection.ts	INJECTION_QUERY_MAX	const	export const INJECTION_QUERY_MAX
src/http/routers/injection.ts	createInjectionRouter	function	export function createInjectionRouter(ctx: RouterCtx)
src/http/routers/isolation.ts	ISOLATION_QUERY_DEFAULT	const	export const ISOLATION_QUERY_DEFAULT
src/http/routers/isolation.ts	ISOLATION_QUERY_MAX	const	export const ISOLATION_QUERY_MAX
src/http/routers/isolation.ts	createIsolationRouter	function	export function createIsolationRouter(ctx: RouterCtx)
src/http/routers/knowledge.ts	createKnowledgeRouter	function	export function createKnowledgeRouter(ctx: RouterCtx)
src/http/routers/panels.ts	PANEL_LIMIT_MAX	const	export const PANEL_LIMIT_MAX
src/http/routers/panels.ts	PanelEndpoint	type	export type PanelEndpoint
src/http/routers/panels.ts	degradeOf	function	export function degradeOf(reason: Degrade['reason'], note: string): Degrade
src/http/routers/panels.ts	PanelsRouterDeps	interface	export interface PanelsRouterDeps
src/http/routers/panels.ts	panelDepsFrom	function	export function panelDepsFrom(ctx: RouterCtx, over: Partial<PanelQueryDeps>
src/http/routers/panels.ts	TokenResponseWithPanel	type	export type TokenResponseWithPanel
src/http/routers/panels.ts	mergeTokenExtension	function	export function mergeTokenExtension(
src/http/routers/panels.ts	createPanelsRouter	function	export function createPanelsRouter(ctx: RouterCtx, deps: PanelsRouterDeps)
src/http/routers/requirements.ts	createRequirementsRouter	function	export function createRequirementsRouter(ctx: RouterCtx)
src/http/routers/settings-support.ts	CONFIRM_YES	const	export const CONFIRM_YES
src/http/routers/settings-support.ts	CONFIRM_NO	const	export const CONFIRM_NO
src/http/routers/settings-support.ts	ACTIONS	const	export const ACTIONS: readonly StorageActionKind[]
src/http/routers/settings-support.ts	coded	function	export function coded(code: string, message: string): Error
src/http/routers/settings-support.ts	codeOf	function	export function codeOf(err: unknown): string | undefined
src/http/routers/settings-support.ts	messageOf	function	export function messageOf(err: unknown): string
src/http/routers/settings-support.ts	isObject	function	export function isObject(v: unknown): v is Record<string, unknown>
src/http/routers/settings-support.ts	reasonText	function	export function reasonText(reason: string): string
src/http/routers/settings-support.ts	questionTextFor	function	export function questionTextFor(action: StorageActionKind): string
src/http/routers/settings-support.ts	actionFromBody	function	export function actionFromBody(body: Record<string, unknown>): StorageActionKind | undefined
src/http/routers/settings-support.ts	pluginPayloadOf	function	export function pluginPayloadOf(deps: RouterCtx['deps']):
src/http/routers/settings-support.ts	filePathsOf	function	export function filePathsOf(deps: RouterCtx['deps']):
src/http/routers/settings-support.ts	assertStorageTicket	function	export function assertStorageTicket(
src/http/routers/settings-support.ts	migrationTaskText	function	export function migrationTaskText(input:
src/http/routers/settings-support.ts	openMigrationWindow	function	export async function openMigrationWindow(input:
src/http/routers/settings-support.ts	pushStorageConfirmBox	function	export function pushStorageConfirmBox(input:
src/http/routers/settings-support.ts	historyLimitOf	function	export function historyLimitOf(raw: string | undefined): number | undefined
src/http/routers/settings-support.ts	WIRING_HINT	const	export const WIRING_HINT
src/http/routers/settings-support.ts	requireSettingsOf	function	export function requireSettingsOf(deps: RouterCtx['deps']): SettingsStore
src/http/routers/settings-support.ts	requireSystemRecordOf	function	export function requireSystemRecordOf(deps: RouterCtx['deps']): SystemRecordStore
src/http/routers/settings-support.ts	pickStoragePathOf	function	export function pickStoragePathOf(deps: RouterCtx['deps']): import('../../application/ports.js').StoragePathPickerPort …
src/http/routers/settings-support.ts	requireStorageActionsOf	function	export function requireStorageActionsOf(deps: RouterCtx['deps']): StorageActionPort
src/http/routers/settings-support.ts	OpenConfigResult	type	export type OpenConfigResult
src/http/routers/settings-support.ts	openWhitelistedConfigFile	function	export async function openWhitelistedConfigFile(
src/http/routers/settings.ts	createSettingsRouter	function	export function createSettingsRouter(ctx: RouterCtx)
src/http/routers/shared.ts	StorageActionKind	type	export type StorageActionKind
src/http/routers/shared.ts	StorageActionChannel	type	export type StorageActionChannel
src/http/routers/shared.ts	StorageActionTicketView	interface	export interface StorageActionTicketView
src/http/routers/shared.ts	StorageActionConsumeResult	type	export type StorageActionConsumeResult
src/http/routers/shared.ts	StorageActionStampView	interface	export interface StorageActionStampView
src/http/routers/shared.ts	StorageActionPort	interface	export interface StorageActionPort
src/http/routers/shared.ts	RouterCtx	interface	export interface RouterCtx
src/http/routers/shared.ts	DocRootSource	type	export type DocRootSource
src/http/routers/shared.ts	ProjectSource	type	export type ProjectSource
src/http/routers/shared.ts	DocRoot	interface	export interface DocRoot
src/http/routers/shared.ts	resolveDocRoot	function	export function resolveDocRoot(deps: RouterCtx['deps'], sessionId: string | undefined): DocRoot
src/http/routers/stages.ts	createStagesRouter	function	export function createStagesRouter(ctx: RouterCtx)
src/http/routers/tasks.ts	createTasksRouter	function	export function createTasksRouter(ctx: RouterCtx)
src/http/routers/verdicts.ts	createVerdictsRouter	function	export function createVerdictsRouter(ctx: RouterCtx)
src/http/routes.ts	ReqboardRouteDeps	interface	export interface ReqboardRouteDeps
src/http/routes.ts	createReqboardHandler	function	export function createReqboardHandler(deps: ReqboardRouteDeps)
src/index.ts	name	const	export const name
src/index.ts	LEDGER_FILE	const	export const LEDGER_FILE
src/index.ts	REQBOARD_DATA_ROOT	const	export const REQBOARD_DATA_ROOT
src/index.ts	CAPTURE_SECTION	const	export const CAPTURE_SECTION
src/index.ts	CAPTURE_SECTION_ORDER	const	export const CAPTURE_SECTION_ORDER
src/index.ts	apply	function	export function apply(ctx: Context, config?: PluginConfig): void
src/plugin-config.ts	PluginConfig	interface	export interface PluginConfig
src/plugin-config.ts	SkillsSettings	interface	export interface SkillsSettings
src/plugin-config.ts	skillsSettings	function	export function skillsSettings(config?: PluginConfig): SkillsSettings
src/plugin-config.ts	resolveRoundCapacity	function	export function resolveRoundCapacity(config?: PluginConfig):
src/plugin-config.ts	markerGateOf	function	export function markerGateOf(config?: PluginConfig): 'enforce' | 'warn'
src/plugin-config.ts	panelSettings	function	export function panelSettings(config?: PluginConfig):
src/plugin-config.ts	dshHomePath	function	export function dshHomePath(config: PluginConfig | undefined, file: string): string
src/plugin-config.ts	nodeIsolationEnabled	function	export function nodeIsolationEnabled(
src/plugin-config.ts	archiveGateSetting	function	export function archiveGateSetting(config?: PluginConfig): 'enforce' | 'warn'
src/plugin-config.ts	knowledgeSettings	function	export function knowledgeSettings(config?: PluginConfig):
src/plugin-config.ts	CONFIRM_GRACE_MARGIN_MS	const	export const CONFIRM_GRACE_MARGIN_MS
src/plugin-config.ts	CONFIRM_DEFAULT_GRACE_MS	const	export const CONFIRM_DEFAULT_GRACE_MS
src/plugin-config.ts	confirmGraceSetting	function	export function confirmGraceSetting(config?: PluginConfig): number
src/plugin-config.ts	stageRoutingSetting	function	export function stageRoutingSetting(config?: PluginConfig): Record<string, StageModelRoute>
src/plugin-config.ts	maxInFlightRequirementsSetting	function	export function maxInFlightRequirementsSetting(config?: PluginConfig): number
src/plugin-config.ts	zeroOutputAlertThresholdSetting	function	export function zeroOutputAlertThresholdSetting(config?: PluginConfig): number
src/plugin-config.ts	docsRootSourceSetting	function	export function docsRootSourceSetting(config?: PluginConfig): 'session' | 'legacy-cwd'
src/plugin-config.ts	(anonymous)	other	export type
src/plugin-config.ts	handoffSettings	function	export function handoffSettings(config?: PluginConfig): HandoffThresholds
src/plugin-config.ts	seatsMaxSetting	function	export function seatsMaxSetting(config?: PluginConfig): number
src/repositories/atomicWrite.ts	AtomicFileHandle	interface	export interface AtomicFileHandle
src/repositories/atomicWrite.ts	AtomicFs	interface	export interface AtomicFs
src/repositories/atomicWrite.ts	nodeAtomicFs	const	export const nodeAtomicFs: AtomicFs
src/repositories/atomicWrite.ts	persistAtomic	function	export async function persistAtomic(file: string, contents: string, fs: AtomicFs
src/repositories/migrationGate.ts	V10_META_FILE	const	export const V10_META_FILE
src/repositories/migrationGate.ts	REQUIRES_MIGRATION	const	export const REQUIRES_MIGRATION
src/repositories/migrationGate.ts	MIGRATION_SCRIPT	const	export const MIGRATION_SCRIPT
src/repositories/migrationGate.ts	REQUIRES_SQLITE_MIGRATION	const	export const REQUIRES_SQLITE_MIGRATION
src/repositories/migrationGate.ts	SQLITE_MIGRATION_SCRIPT	const	export const SQLITE_MIGRATION_SCRIPT
src/repositories/migrationGate.ts	MigrationGateOptions	interface	export interface MigrationGateOptions
src/repositories/migrationGate.ts	MigrationFailure	interface	export interface MigrationFailure
src/repositories/migrationGate.ts	PreflightResult	type	export type PreflightResult
src/repositories/migrationGate.ts	migrationHint	function	export function migrationHint(options: MigrationGateOptions): string
src/repositories/migrationGate.ts	sqliteMigrationHint	function	export function sqliteMigrationHint(options: MigrationGateOptions): string
src/repositories/migrationGate.ts	SQLITE_MIGRATION_FLAGS	const	export const SQLITE_MIGRATION_FLAGS
src/repositories/migrationGate.ts	preflightLedger	function	export function preflightLedger(options: MigrationGateOptions): PreflightResult
src/repositories/migrationGate.ts	assertLedgerMigrated	function	export function assertLedgerMigrated(options: MigrationGateOptions): boolean
src/repositories/QueueRepository.ts	QUEUE_ERROR	const	export const QUEUE_ERROR
src/repositories/QueueRepository.ts	QueueRepositoryOptions	interface	export interface QueueRepositoryOptions
src/repositories/QueueRepository.ts	QueueRepository	interface	export interface QueueRepository
src/repositories/QueueRepository.ts	JsonQueueRepository	class	export class JsonQueueRepository implements QueueRepository
src/repositories/QueueTaskStore.ts	QUEUE_SCHEMA_VERSION	const	export const QUEUE_SCHEMA_VERSION
src/repositories/QueueTaskStore.ts	QueueTaskStoreOptions	interface	export interface QueueTaskStoreOptions
src/repositories/QueueTaskStore.ts	QueueTaskStore	class	export class QueueTaskStore implements TaskStore
src/repositories/RequirementRepository.ts	RequirementRepository	interface	export interface RequirementRepository
src/repositories/RequirementRepository.ts	InMemoryRequirementRepository	class	export class InMemoryRequirementRepository implements RequirementRepository
src/repositories/RequirementShardRepository.ts	(anonymous)	other	export type
src/repositories/RequirementShardRepository.ts	ShardDirEntry	interface	export interface ShardDirEntry
src/repositories/RequirementShardRepository.ts	ShardFs	interface	export interface ShardFs extends AtomicFs
src/repositories/RequirementShardRepository.ts	nodeShardFs	const	export const nodeShardFs: ShardFs
src/repositories/RequirementShardRepository.ts	ShardMeta	interface	export interface ShardMeta
src/repositories/RequirementShardRepository.ts	RequirementShardRepositoryOptions	interface	export interface RequirementShardRepositoryOptions
src/repositories/RequirementShardRepository.ts	RequirementShardRepository	class	export class RequirementShardRepository
src/repositories/shardAssembly.ts	RequirementParts	interface	export interface RequirementParts
src/repositories/shardAssembly.ts	loadParts	function	export async function loadParts(
src/repositories/shardAssembly.ts	assembleRecord	function	export function assembleRecord(parts: RequirementParts): RequirementRecord
src/repositories/shardAssembly.ts	toHotRecord	function	export function toHotRecord(record: RequirementRecord, opts:
src/repositories/ShardDirectoryOps.ts	listShardIdsIn	function	export async function listShardIdsIn(fs: ShardFs, dir: string): Promise<readonly string[]>
src/repositories/ShardDirectoryOps.ts	renameShardDir	function	export async function renameShardDir(fs: ShardFs, from: string, to: string): Promise<void>
src/repositories/ShardDirectoryOps.ts	removeShardDir	function	export async function removeShardDir(fs: ShardFs, dir: string): Promise<void>
src/repositories/ShardedRequirementStore.ts	ShardedRequirementStoreOptions	interface	export interface ShardedRequirementStoreOptions
src/repositories/ShardedRequirementStore.ts	ShardedRequirementStore	class	export class ShardedRequirementStore implements RequirementStore
src/repositories/ShardedRequirementWriter.ts	ShardedWriterDeps	interface	export interface ShardedWriterDeps
src/repositories/ShardedRequirementWriter.ts	ShardedRequirementWriter	class	export class ShardedRequirementWriter
src/repositories/ShardJournalIO.ts	JournalReadResult	interface	export interface JournalReadResult
src/repositories/ShardJournalIO.ts	isNotFound	function	export function isNotFound(err: unknown): boolean
src/repositories/ShardJournalIO.ts	readJournalFile	function	export async function readJournalFile(fs: ShardFs, file: string): Promise<JournalReadResult>
src/repositories/ShardJournalIO.ts	appendJournalLine	function	export async function appendJournalLine(
src/repositories/shardPaging.ts	encodeSummaryCursor	function	export function encodeSummaryCursor(offset: number): string
src/repositories/shardPaging.ts	decodeSummaryCursor	function	export function decodeSummaryCursor(cursor: string | undefined): number | null
src/repositories/shardPaging.ts	compareSummaryOrder	function	export function compareSummaryOrder<T extends
src/repositories/shardWholeWrite.ts	writeWholeShard	function	export async function writeWholeShard(repo: RequirementShardRepository, root: string, record: RequirementRecord): Promi…
src/repositories/SqliteRequirementStore.ts	SqliteRequirementStoreOptions	interface	export interface SqliteRequirementStoreOptions
src/repositories/SqliteRequirementStore.ts	SqliteRequirementStore	class	export class SqliteRequirementStore implements RequirementStore
src/repositories/SqliteRequirementWriter.ts	SqliteWriterSeams	interface	export interface SqliteWriterSeams
src/repositories/SqliteRequirementWriter.ts	LEDGER_SCHEMA_KEY	const	export const LEDGER_SCHEMA_KEY
src/repositories/SqliteRequirementWriter.ts	SqliteRequirementWriter	class	export class SqliteRequirementWriter
src/repositories/sqliteRows.ts	Row	type	export type Row
src/repositories/sqliteRows.ts	HOT_COLUMNS	const	export const HOT_COLUMNS: readonly string[]
src/repositories/sqliteRows.ts	OBJECT_KINDS	const	export const OBJECT_KINDS: readonly string[]
src/repositories/sqliteRows.ts	SQL	const	export const SQL
src/repositories/sqliteRows.ts	rowValues	function	export function rowValues(record: RequirementRecord, counts:
src/repositories/sqliteRows.ts	partsOf	function	export function partsOf(record: RequirementRecord, counts:
src/repositories/sqliteRows.ts	lightRecordOfRow	function	export function lightRecordOfRow(row: Row, parts: ReadonlyMap<string, unknown>): Record<string, unknown>
src/repositories/sqliteRows.ts	recordOfRow	function	export function recordOfRow(
src/repositories/sqliteRows.ts	parseActor	function	export function parseActor(value: unknown): ActorRef | undefined
src/repositories/sqliteRows.ts	commentLineOfRow	function	export function commentLineOfRow(row: Row): CommentJournalLine
src/repositories/sqliteRows.ts	historyLineOfRow	function	export function historyLineOfRow(
src/repositories/sqliteRows.ts	historyLinesOf	function	export function historyLinesOf(record: RequirementRecord): (StatusJournalLine | AdvanceJournalLine)[]
src/repositories/sqliteRows.ts	commentLinesOf	function	export function commentLinesOf(record: RequirementRecord): CommentJournalLine[]
src/repositories/sqliteRows.ts	truncateWithWarn	function	export function truncateWithWarn<T extends
src/repositories/sqliteRows.ts	tailGrowthByJson	function	export function tailGrowthByJson(before: readonly unknown[], after: readonly unknown[]): number | null
src/repositories/sqliteRows.ts	mapSqliteError	function	export function mapSqliteError(err: unknown): Error
src/repositories/sqliteRows.ts	serializePart	function	export function serializePart(id: string, key: string, value: unknown): string
src/repositories/sqliteRows.ts	actorColumnValue	function	export function actorColumnValue(actor: ActorRef | undefined): string
src/repositories/sqliteSchema.ts	SQLITE_SCHEMA_VERSION	const	export const SQLITE_SCHEMA_VERSION
src/repositories/sqliteSchema.ts	SQLITE_PRAGMAS	const	export const SQLITE_PRAGMAS: readonly string[]
src/repositories/sqliteSchema.ts	SQLITE_DDL	const	export const SQLITE_DDL: readonly string[]
src/repositories/sqliteSchema.ts	SQLITE_TABLES	const	export const SQLITE_TABLES: readonly string[]
src/repositories/sqliteSchema.ts	SQLITE_COLUMN_MIGRATIONS	const	export const SQLITE_COLUMN_MIGRATIONS: readonly
src/repositories/sqliteSchema.ts	SQLITE_META_KEYS	const	export const SQLITE_META_KEYS
src/repositories/sqliteSchema.ts	SQLITE_SCHEMA_MISMATCH	const	export const SQLITE_SCHEMA_MISMATCH
src/repositories/sqliteSchema.ts	sqliteSchemaMatches	function	export function sqliteSchemaMatches(stored: unknown): boolean
src/repositories/storeInspect.ts	ShardsInspection	interface	export interface ShardsInspection
src/repositories/storeInspect.ts	SqliteInspection	interface	export interface SqliteInspection
src/repositories/storeInspect.ts	inspectShards	function	export function inspectShards(root: string): ShardsInspection
src/repositories/storeInspect.ts	inspectSqlite	function	export function inspectSqlite(file: string): SqliteInspection
src/repositories/TaskRepository.ts	TaskRepository	interface	export interface TaskRepository
src/repositories/TaskRepository.ts	InMemoryTaskRepository	class	export class InMemoryTaskRepository implements TaskRepository
src/shared/artifact-labels.ts	KIND_LABELS	const	export const KIND_LABELS: Readonly<Record<string, string>>
src/shared/artifact-labels.ts	KIND_ICONS	const	export const KIND_ICONS: Readonly<Record<string, string>>
src/shared/artifact-labels.ts	DOC_FILE_LABELS	const	export const DOC_FILE_LABELS: Readonly<Record<string, string>>
src/shared/artifact-labels.ts	artifactKindLabel	function	export function artifactKindLabel(kind: string): string
src/shared/artifact-labels.ts	docFileLabel	function	export function docFileLabel(path: string, kind?: string): string
src/shared/artifact-labels.ts	taskCardLabel	function	export function taskCardLabel(path: string, title?: string): string
src/shared/board-summary.ts	BoardSummaryInput	type	export type BoardSummaryInput
src/shared/board-summary.ts	confirmGateKindsOf	function	export function confirmGateKindsOf(category: SummarizableRequirement['category']): string[]
src/shared/board-summary.ts	boardSummaryOf	function	export function boardSummaryOf(record: BoardSummaryInput): RequirementSummary
src/shared/board-summary.ts	boardSummaryOfAuthoritative	function	export function boardSummaryOfAuthoritative(record: BoardSummaryInput): RequirementSummary
src/shared/build-stamp.ts	setBuildStamp	function	export function setBuildStamp(value: string): void
src/shared/build-stamp.ts	getBuildStamp	function	export function getBuildStamp(): string | undefined
src/shared/protocol.ts	PromptDifficulty	type	export type PromptDifficulty
src/shared/protocol.ts	ALL_PROMPT_DIFFICULTIES	const	export const ALL_PROMPT_DIFFICULTIES: readonly PromptDifficulty[]
src/shared/protocol.ts	PROMPT_DIFFICULTY_DESCRIPTIONS	const	export const PROMPT_DIFFICULTY_DESCRIPTIONS: Readonly<Record<PromptDifficulty, string>>
src/shared/protocol.ts	(anonymous)	other	export type
src/shared/protocol.ts	(anonymous)	other	export type
src/shared/protocol.ts	(anonymous)	other	export type
src/shared/protocol.ts	(anonymous)	other	export type
src/shared/protocol.ts	(anonymous)	other	export type
src/shared/protocol.ts	(anonymous)	other	export type
src/shared/protocol.ts	(anonymous)	other	export type
src/shared/protocol.ts	(anonymous)	other	export type
src/shared/protocol.ts	StatusEvent	interface	export interface StatusEvent
src/shared/protocol.ts	recordStatus	function	export function recordStatus(
src/shared/protocol.ts	CancelTrailOpts	interface	export interface CancelTrailOpts
src/shared/protocol.ts	markCanceled	function	export function markCanceled(task: TaskRecord, opts: CancelTrailOpts): void
src/shared/protocol.ts	milestoneAt	function	export function milestoneAt(record:
src/shared/protocol.ts	MAIN_REQ_STATUSES	const	export const MAIN_REQ_STATUSES: readonly MainStageKey[]
src/shared/protocol.ts	ALL_REQ_STATUSES	const	export const ALL_REQ_STATUSES: readonly RequirementStatus[]
src/shared/protocol.ts	windowCodeFromSessionId	function	export function windowCodeFromSessionId(sessionId: string): string
src/shared/protocol.ts	MAIN_TASK_STATUSES	const	export const MAIN_TASK_STATUSES: readonly TaskStatus[]
src/shared/protocol.ts	ALL_TASK_STATUSES	const	export const ALL_TASK_STATUSES: readonly TaskStatus[]
src/shared/protocol.ts	TaskPhase	type	export type TaskPhase
src/shared/protocol.ts	ALL_TASK_PHASES	const	export const ALL_TASK_PHASES: readonly TaskPhase[]
src/shared/protocol.ts	TaskSide	type	export type TaskSide
src/shared/protocol.ts	ALL_TASK_SIDES	const	export const ALL_TASK_SIDES: readonly TaskSide[]
src/shared/protocol.ts	SubmitKind	type	export type SubmitKind
src/shared/protocol.ts	SUBMIT_KINDS	const	export const SUBMIT_KINDS: readonly SubmitKind[]
src/shared/protocol.ts	defaultNeedsIntegration	function	export function defaultNeedsIntegration(side: TaskSide): boolean
src/shared/protocol.ts	ALL_STAGE_KEYS	const	export const ALL_STAGE_KEYS: readonly MainStageKey[]
src/shared/protocol.ts	asStageKey	function	export function asStageKey(raw: unknown): StageKey
src/shared/protocol.ts	asArtifactKind	function	export function asArtifactKind(raw: unknown): ArtifactKind
src/shared/protocol.ts	StageArtifact	interface	export interface StageArtifact
src/shared/protocol.ts	CategoryFlowProfile	interface	export interface CategoryFlowProfile
src/shared/protocol.ts	CATEGORY_FLOW_PROFILES	const	export const CATEGORY_FLOW_PROFILES: Readonly<Record<RequirementCategory, CategoryFlowProfile>>
src/shared/protocol.ts	flowProfileFor	function	export function flowProfileFor(category: RequirementCategory | undefined): CategoryFlowProfile
src/shared/protocol.ts	stageEnabledFor	function	export function stageEnabledFor(category: RequirementCategory | undefined, stage: StageKey): boolean
src/shared/protocol.ts	confirmGateKindFor	function	export function confirmGateKindFor(
src/shared/protocol.ts	StageDetailBase	interface	export interface StageDetailBase
src/shared/protocol.ts	StageTaskRef	interface	export interface StageTaskRef
src/shared/protocol.ts	StageTaskExecution	interface	export interface StageTaskExecution extends StageTaskRef
src/shared/protocol.ts	DraftStageBody	interface	export interface DraftStageBody
src/shared/protocol.ts	BrainstormStageBody	interface	export interface BrainstormStageBody
src/shared/protocol.ts	DesignDocStatus	interface	export interface DesignDocStatus
src/shared/protocol.ts	DesignDocRegistration	interface	export interface DesignDocRegistration
src/shared/protocol.ts	TraceabilityProjection	interface	export interface TraceabilityProjection
src/shared/protocol.ts	DesignCoverageProjection	interface	export interface DesignCoverageProjection
src/shared/protocol.ts	ImplementationCoverageProjection	interface	export interface ImplementationCoverageProjection
src/shared/protocol.ts	TestingCoverageProjection	interface	export interface TestingCoverageProjection
src/shared/protocol.ts	DesignStageBody	interface	export interface DesignStageBody
src/shared/protocol.ts	DecomposeStageBody	interface	export interface DecomposeStageBody
src/shared/protocol.ts	ImplementStageBody	interface	export interface ImplementStageBody
src/shared/protocol.ts	AcceptStageBody	interface	export interface AcceptStageBody
src/shared/protocol.ts	DoneStageBody	interface	export interface DoneStageBody
src/shared/protocol.ts	ArchiveStageBody	interface	export interface ArchiveStageBody
src/shared/protocol.ts	StageDetail	type	export type StageDetail
src/shared/protocol.ts	StageOverview	interface	export interface StageOverview
src/shared/protocol.ts	(anonymous)	other	export type
src/shared/protocol.ts	ExecutorHint	type	export type ExecutorHint
src/shared/protocol.ts	ALL_EXECUTOR_HINTS	const	export const ALL_EXECUTOR_HINTS: readonly ExecutorHint[]
src/shared/protocol.ts	asExecutorHint	function	export function asExecutorHint(raw: unknown): ExecutorHint | undefined
src/shared/protocol.ts	PlanTask	interface	export interface PlanTask
src/shared/protocol.ts	PlanRecord	interface	export interface PlanRecord
src/shared/protocol.ts	VerificationItem	interface	export interface VerificationItem
src/shared/protocol.ts	VerificationSheet	interface	export interface VerificationSheet
src/shared/protocol.ts	AcceptanceOverride	interface	export interface AcceptanceOverride
src/shared/protocol.ts	VerificationRecord	interface	export interface VerificationRecord
src/shared/protocol.ts	DocSyncPending	interface	export interface DocSyncPending
src/shared/protocol.ts	ManualUpdate	interface	export interface ManualUpdate
src/shared/protocol.ts	ArchiveReconcile	interface	export interface ArchiveReconcile
src/shared/protocol.ts	ArchiveAmendment	interface	export interface ArchiveAmendment
src/shared/protocol.ts	ArchiveRecord	interface	export interface ArchiveRecord
src/shared/protocol.ts	planApproved	function	export function planApproved(req:
src/shared/protocol.ts	normalizePlanTasks	function	export function normalizePlanTasks(raw: unknown): PlanTask[]
src/shared/protocol.ts	CommentRecord	interface	export interface CommentRecord
src/shared/protocol.ts	ExecutionRecord	interface	export interface ExecutionRecord
src/shared/protocol.ts	ALL_REQ_CATEGORIES	const	export const ALL_REQ_CATEGORIES: readonly RequirementCategory[]
src/shared/protocol.ts	asReqCategory	function	export function asReqCategory(raw: unknown): RequirementCategory
src/shared/protocol.ts	AdvanceEvent	type	export type AdvanceEvent
src/shared/protocol.ts	AdvanceRecord	interface	export interface AdvanceRecord
src/shared/protocol.ts	AdvanceState	interface	export interface AdvanceState
src/shared/protocol.ts	InterruptionRecord	interface	export interface InterruptionRecord
src/shared/protocol.ts	PendingConfirmationOutcome	interface	export interface PendingConfirmationOutcome
src/shared/protocol.ts	PendingConfirmation	interface	export interface PendingConfirmation
src/shared/protocol.ts	PENDING_CONFIRM_TICKET_PREFIX	const	export const PENDING_CONFIRM_TICKET_PREFIX
src/shared/protocol.ts	RequirementDive	interface	export interface RequirementDive
src/shared/protocol.ts	RequirementDriverHealth	interface	export interface RequirementDriverHealth
src/shared/protocol.ts	DiveRoundSource	interface	export interface DiveRoundSource
src/shared/protocol.ts	isDiveRoundSource	function	export function isDiveRoundSource(source: unknown): source is DiveRoundSource
src/shared/protocol.ts	WindowSeat	interface	export interface WindowSeat
src/shared/protocol.ts	RequirementRecord	interface	export interface RequirementRecord
src/shared/protocol.ts	TaskReportSummary	interface	export interface TaskReportSummary
src/shared/protocol.ts	RollbackMark	interface	export interface RollbackMark
src/shared/protocol.ts	TaskScope	interface	export interface TaskScope
src/shared/protocol.ts	CardRevision	interface	export interface CardRevision
src/shared/protocol.ts	TaskRunEvidence	interface	export interface TaskRunEvidence
src/shared/protocol.ts	TaskRecord	interface	export interface TaskRecord
src/shared/protocol.ts	REQBOARD_SCHEMA_VERSION	const	export const REQBOARD_SCHEMA_VERSION
src/shared/protocol.ts	ReqboardLedger	interface	export interface ReqboardLedger
src/shared/protocol.ts	emptyLedger	function	export function emptyLedger(): ReqboardLedger
src/shared/protocol.ts	newRequirementId	function	export function newRequirementId(rand: ()
src/shared/protocol.ts	newTaskId	function	export function newTaskId(rand: ()
src/shared/protocol.ts	newExecutionId	function	export function newExecutionId(rand: ()
src/shared/protocol.ts	newCommentId	function	export function newCommentId(rand: ()
src/shared/protocol.ts	normalizeTitle	function	export function normalizeTitle(raw: unknown): string
src/shared/protocol.ts	normalizeText	function	export function normalizeText(raw: unknown, field: string, max: number
src/shared/protocol.ts	asReqStatus	function	export function asReqStatus(raw: unknown): RequirementStatus
src/shared/protocol.ts	asTaskStatus	function	export function asTaskStatus(raw: unknown): TaskStatus
src/shared/protocol.ts	asTaskPhase	function	export function asTaskPhase(raw: unknown): TaskPhase
src/shared/protocol.ts	asTaskSide	function	export function asTaskSide(raw: unknown): TaskSide
src/shared/protocol.ts	asActor	function	export function asActor(raw: unknown): ActorKind
src/shared/protocol.ts	asScope	function	export function asScope(raw: unknown): TaskScope
src/shared/protocol.ts	asDependsOn	function	export function asDependsOn(raw: unknown): string[]
src/shared/protocol.ts	assertDagAcyclic	function	export function assertDagAcyclic(tasks: ReadonlyArray<Pick<TaskRecord, 'id' | 'dependsOn' | 'requirementId'>>, requirem…
src/shared/protocol.ts	readyTasks	function	export function readyTasks(tasks: readonly TaskRecord[], requirementId: string): TaskRecord[]
src/shared/protocol.ts	taskRoleOf	function	export function taskRoleOf(t: Pick<TaskRecord, 'parentId'>): TaskRole
src/shared/protocol.ts	taskRoleIn	function	export function taskRoleIn(
src/shared/protocol.ts	isSubtask	function	export function isSubtask(t: Pick<TaskRecord, 'parentId'>): boolean
src/shared/protocol.ts	subtasksOf	function	export function subtasksOf(tasks: readonly TaskRecord[], parentId: string): TaskRecord[]
src/shared/protocol.ts	SubtaskViolation	interface	export interface SubtaskViolation
src/shared/protocol.ts	checkSubtaskInvariants	function	export function checkSubtaskInvariants(
src/shared/protocol.ts	assertSubtaskInvariants	function	export function assertSubtaskInvariants(
src/shared/protocol.ts	TriageStatus	type	export type TriageStatus
src/shared/protocol.ts	TriageRecord	interface	export interface TriageRecord
src/shared/protocol.ts	newTriageId	function	export function newTriageId(rand: ()
src/shared/protocol.ts	REQUIREMENT_DIR_PATTERN	const	export const REQUIREMENT_DIR_PATTERN
src/shared/protocol.ts	assertArchiveMaterials	function	export function assertArchiveMaterials(
src/shared/protocol.ts	TokenBuckets	interface	export interface TokenBuckets
src/shared/protocol.ts	emptyBuckets	function	export function emptyBuckets(): TokenBuckets
src/shared/protocol.ts	addBuckets	function	export function addBuckets(a: TokenBuckets, b: TokenBuckets): TokenBuckets
src/shared/protocol.ts	subBuckets	function	export function subBuckets(a: TokenBuckets, b: TokenBuckets): TokenBuckets
src/shared/protocol.ts	totalTokens	function	export function totalTokens(b: TokenBuckets): number
src/shared/protocol.ts	TOKENS_PER_CHAR	const	export const TOKENS_PER_CHAR
src/shared/protocol.ts	estimateTokensFromChars	function	export function estimateTokensFromChars(chars: number): number
src/shared/protocol.ts	fmtTokens	function	export function fmtTokens(n: number): string
src/shared/protocol.ts	fmtCny	function	export function fmtCny(n: number | undefined | null): string
src/shared/protocol.ts	TokenSnapshot	interface	export interface TokenSnapshot
src/shared/protocol.ts	TokenSnapshotMember	interface	export interface TokenSnapshotMember
src/shared/protocol.ts	SessionLineageEntry	interface	export interface SessionLineageEntry
src/shared/protocol.ts	TokenSnapshotDegradedReason	type	export type TokenSnapshotDegradedReason
src/shared/protocol.ts	ContextPressureSnapshot	interface	export interface ContextPressureSnapshot
src/shared/protocol.ts	OverCapacityItem	interface	export interface OverCapacityItem
src/shared/protocol.ts	CapacityNote	interface	export interface CapacityNote
src/shared/protocol.ts	RequirementTokenUsage	interface	export interface RequirementTokenUsage
src/shared/protocol.ts	ExecutionTokenUsage	interface	export interface ExecutionTokenUsage
src/shared/protocol.ts	PromptPartCost	interface	export interface PromptPartCost
src/shared/protocol.ts	SystemPromptCost	interface	export interface SystemPromptCost
src/shared/protocol.ts	InjectionItem	interface	export interface InjectionItem
src/shared/protocol.ts	TokenExecutionRow	interface	export interface TokenExecutionRow
src/shared/protocol.ts	RequirementTokenStageRow	interface	export interface RequirementTokenStageRow
src/shared/protocol.ts	RequirementTokenView	interface	export interface RequirementTokenView
src/shared/protocol.ts	RequirementMarksView	interface	export interface RequirementMarksView
src/shared/protocol.ts	ClauseMarkRow	interface	export interface ClauseMarkRow
src/shared/protocol.ts	InjectionCost	interface	export interface InjectionCost
src/shared/protocol.ts	DegradeReason	type	export type DegradeReason
src/shared/protocol.ts	Degrade	interface	export interface Degrade
src/shared/protocol.ts	PanelResult	type	export type PanelResult<T>
src/shared/protocol.ts	isDegrade	function	export function isDegrade(value: unknown): value is Degrade
src/shared/protocol.ts	ReportHead	interface	export interface ReportHead
src/shared/protocol.ts	ReportProgress	interface	export interface ReportProgress
src/shared/protocol.ts	ReportGap	interface	export interface ReportGap
src/shared/protocol.ts	ReportAction	interface	export interface ReportAction
src/shared/protocol.ts	ReportResponse	interface	export interface ReportResponse
src/shared/protocol.ts	TrunkSource	type	export type TrunkSource
src/shared/protocol.ts	TrunkKey	type	export type TrunkKey
src/shared/protocol.ts	TrunkFact	interface	export interface TrunkFact
src/shared/protocol.ts	TrunkHighlight	interface	export interface TrunkHighlight
src/shared/protocol.ts	TrunkItem	interface	export interface TrunkItem
src/shared/protocol.ts	TrunkResponse	interface	export interface TrunkResponse
src/shared/protocol.ts	DocPanelKind	type	export type DocPanelKind
src/shared/protocol.ts	DocPanelState	type	export type DocPanelState
src/shared/protocol.ts	DocPanelEntry	interface	export interface DocPanelEntry
src/shared/protocol.ts	GateVerdict	interface	export interface GateVerdict
src/shared/protocol.ts	DocsResponse	interface	export interface DocsResponse
src/shared/protocol.ts	DagGraphNode	interface	export interface DagGraphNode
src/shared/protocol.ts	DagStep	interface	export interface DagStep
src/shared/protocol.ts	DagResponse	interface	export interface DagResponse
src/shared/protocol.ts	DialogueSystemEvt	type	export type DialogueSystemEvt
src/shared/protocol.ts	DialogueItem	type	export type DialogueItem
src/shared/protocol.ts	DialogueResponse	interface	export interface DialogueResponse
src/shared/protocol.ts	PromptSection	interface	export interface PromptSection
src/shared/protocol.ts	PromptInjectionRecord	interface	export interface PromptInjectionRecord
src/shared/protocol.ts	PromptsResponse	interface	export interface PromptsResponse
src/shared/protocol.ts	TokenStageRow	interface	export interface TokenStageRow
src/shared/protocol.ts	TokenOptimization	interface	export interface TokenOptimization
src/shared/protocol.ts	TokenAvailability	type	export type TokenAvailability
src/shared/protocol.ts	TokenPanelExtension	interface	export interface TokenPanelExtension
src/shared/protocol.ts	VerifyPanelResponse	interface	export interface VerifyPanelResponse
src/stage-overview/assembler.ts	AssembleStageOptions	interface	export interface AssembleStageOptions
src/stage-overview/assembler.ts	contextOf	function	export function contextOf(
src/stage-overview/assembler.ts	TraceabilityBundle	interface	export interface TraceabilityBundle
src/stage-overview/assembler.ts	assembleTraceability	function	export function assembleTraceability(workspaceRoot: string, reqId: string): TraceabilityBundle
src/tools/AcceptSheetTool/AcceptSheetTool.ts	defineAcceptSheetTool	function	export function defineAcceptSheetTool(deps: UseCaseDeps)
src/tools/AcceptSheetTool/prompt.ts	ACCEPT_SHEET_PROMPT	const	export const ACCEPT_SHEET_PROMPT
src/tools/AdoptTaskTool/TaskAdoptTool.ts	defineTaskAdoptTool	function	export function defineTaskAdoptTool(deps: UseCaseDeps)
src/tools/AdvanceTool/AdvanceTool.ts	defineAdvanceTool	function	export function defineAdvanceTool(deps: UseCaseDeps)
src/tools/AdvanceTool/prompt.ts	ADVANCE_PROMPT	const	export const ADVANCE_PROMPT
src/tools/ArchiveAmendTool/ArchiveAmendTool.ts	defineArchiveAmendTool	function	export function defineArchiveAmendTool(deps: UseCaseDeps)
src/tools/ArchiveAmendTool/summary.ts	archiveAmendSummary	function	export function archiveAmendSummary(data: unknown): string
src/tools/AskConfirmTool/AskConfirmTool.ts	defineAskConfirmTool	function	export function defineAskConfirmTool(deps: UseCaseDeps)
src/tools/AskConfirmTool/prompt.ts	ASK_CONFIRM_PROMPT	const	export const ASK_CONFIRM_PROMPT
src/tools/BindTool/BindTool.ts	defineBindTool	function	export function defineBindTool(deps: UseCaseDeps, opts?:
src/tools/BindTool/prompt.ts	BIND_PROMPT	const	export const BIND_PROMPT
src/tools/CaptureTool/CaptureTool.ts	defineCaptureTool	function	export function defineCaptureTool(deps: UseCaseDeps)
src/tools/CaptureTool/prompt.ts	CAPTURE_PROMPT	const	export const CAPTURE_PROMPT
src/tools/ClearPauseTool/ClearPauseTool.ts	defineClearPauseTool	function	export function defineClearPauseTool(deps: UseCaseDeps)
src/tools/ClearPauseTool/prompt.ts	CLEAR_PAUSE_PROMPT	const	export const CLEAR_PAUSE_PROMPT
src/tools/ConfirmReceiptTool/ConfirmReceiptTool.ts	defineConfirmReceiptTool	function	export function defineConfirmReceiptTool(deps: UseCaseDeps)
src/tools/ConfirmReceiptTool/prompt.ts	CONFIRM_RECEIPT_PROMPT	const	export const CONFIRM_RECEIPT_PROMPT
src/tools/CreateTool/CreateTool.ts	defineCreateTool	function	export function defineCreateTool(deps: UseCaseDeps)
src/tools/CreateTool/prompt.ts	CREATE_PROMPT	const	export const CREATE_PROMPT
src/tools/DecomposeTool/DecomposeTool.ts	defineDecomposeTool	function	export function defineDecomposeTool(deps: UseCaseDeps)
src/tools/HandoffTool/HandoffTool.ts	HandoffToolOptions	interface	export interface HandoffToolOptions
src/tools/HandoffTool/HandoffTool.ts	defineHandoffTool	function	export function defineHandoffTool(deps: UseCaseDeps, opts?: HandoffToolOptions)
src/tools/HandoffTool/prompt.ts	HANDOFF_PROMPT	const	export const HANDOFF_PROMPT
src/tools/KnowledgeTool/KnowledgeTool.ts	defineKnowledgeTool	function	export function defineKnowledgeTool(deps: UseCaseDeps)
src/tools/KnowledgeTool/prompt.ts	KNOWLEDGE_PROMPT	const	export const KNOWLEDGE_PROMPT
src/tools/MoveTool/MoveTool.ts	defineMoveTool	function	export function defineMoveTool(deps: UseCaseDeps)
src/tools/NoteInterruptionTool/NoteInterruptionTool.ts	defineNoteInterruptionTool	function	export function defineNoteInterruptionTool(deps: UseCaseDeps)
src/tools/NoteInterruptionTool/prompt.ts	NOTE_INTERRUPTION_PROMPT	const	export const NOTE_INTERRUPTION_PROMPT
src/tools/OpenWindowTool/OpenWindowTool.ts	defineOpenWindowTool	function	export function defineOpenWindowTool(deps: UseCaseDeps)
src/tools/OpenWindowTool/prompt.ts	OPEN_WINDOW_PROMPT	const	export const OPEN_WINDOW_PROMPT
src/tools/RegenerateTool/index.ts	defineRegenerateTool	function	export function defineRegenerateTool(deps: UseCaseDeps)
src/tools/registry.ts	ToolRegistryEntry	interface	export interface ToolRegistryEntry
src/tools/registry.ts	TOOL_REGISTRY	const	export const TOOL_REGISTRY: readonly ToolRegistryEntry[]
src/tools/render-summaries.ts	taskMoveSummary	function	export function taskMoveSummary(v: unknown): string
src/tools/render-summaries.ts	submitSummary	function	export function submitSummary(v: unknown): string
src/tools/render-summaries.ts	statusSummary	function	export function statusSummary(v: unknown): string
src/tools/render-summaries.ts	captureSummary	function	export function captureSummary(v: unknown): string
src/tools/render-summaries.ts	createSummary	function	export function createSummary(v: unknown): string
src/tools/render-summaries.ts	askConfirmSummary	function	export function askConfirmSummary(v: unknown): string
src/tools/render-summaries.ts	confirmReceiptSummary	function	export function confirmReceiptSummary(v: unknown): string
src/tools/render-summaries.ts	decomposeSummary	function	export function decomposeSummary(v: unknown): string
src/tools/render-summaries.ts	moveSummary	function	export function moveSummary(v: unknown): string
src/tools/render-summaries.ts	taskReportSummary	function	export function taskReportSummary(v: unknown): string
src/tools/render-summaries.ts	acceptSheetSummary	function	export function acceptSheetSummary(v: unknown): string
src/tools/render-summaries.ts	taskStatusSummary	function	export function taskStatusSummary(v: unknown): string
src/tools/render-summaries.ts	taskRunSummary	function	export function taskRunSummary(v: unknown): string
src/tools/render-summaries.ts	taskExecuteSummary	const	export const taskExecuteSummary
src/tools/render-summaries.ts	noteInterruptionSummary	function	export function noteInterruptionSummary(v: unknown): string
src/tools/RunStatusTool/prompt.ts	RUN_STATUS_PROMPT	const	export const RUN_STATUS_PROMPT
src/tools/RunStatusTool/RunStatusTool.ts	defineRunStatusTool	function	export function defineRunStatusTool(deps: UseCaseDeps)
src/tools/shared.ts	LONG_TEXT_ARG_NOTE	const	export const LONG_TEXT_ARG_NOTE
src/tools/shared.ts	renderJson	const	export const renderJson
src/tools/shared.ts	renderSmart	const	export const renderSmart
src/tools/shared.ts	LONG_TEXT_FIELDS	const	export const LONG_TEXT_FIELDS: readonly
src/tools/SkillInstallTool/prompt.ts	SKILL_INSTALL_PROMPT	const	export const SKILL_INSTALL_PROMPT
src/tools/SkillInstallTool/SkillInstallTool.ts	defineSkillInstallTool	function	export function defineSkillInstallTool(deps: UseCaseDeps)
src/tools/StatusTool/prompt.ts	STATUS_PROMPT	const	export const STATUS_PROMPT
src/tools/StatusTool/StatusTool.ts	defineStatusTool	function	export function defineStatusTool(deps: UseCaseDeps)
src/tools/SubmitTool/prompt.ts	SUBMIT_PROMPT	const	export const SUBMIT_PROMPT
src/tools/SubmitTool/SubmitTool.ts	defineSubmitTool	function	export function defineSubmitTool(deps: UseCaseDeps)
src/tools/TaskExecuteTool/TaskExecuteTool.ts	defineTaskExecuteTool	function	export function defineTaskExecuteTool(deps: UseCaseDeps)
src/tools/TaskMoveTool/TaskMoveTool.ts	defineTaskMoveTool	function	export function defineTaskMoveTool(deps: UseCaseDeps)
src/tools/TaskRefsTool/summary.ts	taskRefsSummary	function	export function taskRefsSummary(v: unknown): string
src/tools/TaskRefsTool/TaskRefsTool.ts	defineTaskRefsTool	function	export function defineTaskRefsTool(deps: UseCaseDeps)
src/tools/TaskReportTool/prompt.ts	TASK_REPORT_PROMPT	const	export const TASK_REPORT_PROMPT
src/tools/TaskReportTool/TaskReportTool.ts	defineTaskReportTool	function	export function defineTaskReportTool(deps: UseCaseDeps)
src/tools/TaskStatusTool/TaskStatusTool.ts	defineTaskStatusTool	function	export function defineTaskStatusTool(deps: UseCaseDeps)
src/tools/TaskTreeTool/prompt.ts	TASK_TREE_PROMPT	const	export const TASK_TREE_PROMPT
src/tools/TaskTreeTool/TaskTreeTool.ts	defineTaskTreeTool	function	export function defineTaskTreeTool(deps: UseCaseDeps)
src/wiring/not-ready.ts	NOT_READY_ROUTE_PATH	const	export const NOT_READY_ROUTE_PATH
src/wiring/not-ready.ts	NotReadyLogger	interface	export interface NotReadyLogger
src/wiring/not-ready.ts	enterNotReadyMode	function	export function enterNotReadyMode(ctx: Context, failure: MigrationFailure, logger: NotReadyLogger): void
src/wiring/pm-capture-root.ts	PendingCaptureMessage	interface	export interface PendingCaptureMessage
src/wiring/pm-capture-root.ts	CaptureRuntimeDeps	interface	export interface CaptureRuntimeDeps
src/wiring/pm-capture-root.ts	CaptureRuntime	interface	export interface CaptureRuntime
src/wiring/pm-capture-root.ts	createCaptureRuntime	function	export function createCaptureRuntime(deps: CaptureRuntimeDeps): CaptureRuntime
src/wiring/pm-capture-root.ts	DiveDriverAssemblyDeps	interface	export interface DiveDriverAssemblyDeps
src/wiring/pm-capture-root.ts	assembleDiveSessionDriver	function	export function assembleDiveSessionDriver(deps: DiveDriverAssemblyDeps): (()
src/wiring/settings-assembly.ts	settingsFilePathOf	function	export function settingsFilePathOf(dshHome: string): string
src/wiring/settings-assembly.ts	systemRecordPathOf	function	export function systemRecordPathOf(dshHome: string): string
src/wiring/settings-assembly.ts	readPluginInfo	function	export function readPluginInfo(moduleDir: string):
src/wiring/settings-assembly.ts	pluginStampOf	function	export function pluginStampOf(info:
src/wiring/settings-assembly.ts	ensureParentDir	function	export function ensureParentDir(file: string): void
src/wiring/settings-assembly.ts	selectRequirementStore	function	export function selectRequirementStore(opts:
src/wiring/settings-assembly.ts	RunSettingsWiring	interface	export interface RunSettingsWiring
src/wiring/settings-assembly.ts	createRunSettingsWiring	function	export function createRunSettingsWiring(opts:
src/wiring/settings-assembly.ts	SystemRecordWiringInput	interface	export interface SystemRecordWiringInput
src/wiring/settings-assembly.ts	SystemRecordWiring	interface	export interface SystemRecordWiring
src/wiring/settings-assembly.ts	createSystemRecordWiring	function	export function createSystemRecordWiring(input: SystemRecordWiringInput): SystemRecordWiring
src/wiring/settings-assembly.ts	StartupInspection	interface	export interface StartupInspection
src/wiring/settings-assembly.ts	inspectStores	function	export function inspectStores(dataRoot: string, sqliteFile: string): StartupInspection
src/wiring/settings-assembly.ts	StorageAssembly	type	export type StorageAssembly
src/wiring/settings-assembly.ts	StorageAssemblyInput	interface	export interface StorageAssemblyInput
src/wiring/settings-assembly.ts	assembleStorage	function	export function assembleStorage(input: StorageAssemblyInput): StorageAssembly
src/wiring/settings-assembly.ts	bootSystemRecord	function	export function bootSystemRecord(input: SystemRecordWiringInput &
src/wiring/settings-assembly.ts	startSystemRecord	function	export async function startSystemRecord(
